stem,source,event_reason,event_score,target_timestamp_seconds,actual_timestamp_seconds,frame_difference,optical_flow,brightness_mean,brightness_delta,dark_fraction,laplacian_variance,color_anchor_count,difference_hash_hex,image_sha256
camera_full_rgb_v2_t000000000,base,one_second_base,0.000000,0.000000,0.000000,0.000000,0.000000,99.360153,0.000000,0.107445,114.776400,12,0705001405b99f3f,39d6a0860e3369cd912313ea5203b58ca0d707617ab337e8be254ef813730f53
camera_full_rgb_v2_t000001000,base,one_second_base,0.000000,1.000000,0.994215,0.816667,0.036125,90.004827,0.096198,0.202367,169.908603,11,0f05001405bd9f3f,94d93550dd90adc4b1d976455a771edc5092d74f84c74539cbad1abfd1169e65
camera_full_rgb_v2_t000002000,base,one_second_base,0.000000,2.000000,1.988431,0.826510,0.036703,90.046514,0.036328,0.201742,167.777552,11,0f05001405bd9f3f,9dc4300f242223018b0f1ce26d35ef64941f83daec703087e374f6186b4ceaf0
camera_full_rgb_v2_t000003000,base,one_second_base,0.000000,3.000000,2.982646,1.018646,0.039445,89.943327,0.043405,0.198278,173.938359,11,0f05001405b99f3f,f36f419b2ebcb1ce65b9c396e8c449c5754bd722170c060213e84bb4511304a3
camera_full_rgb_v2_t000004000,base,one_second_base,0.000000,4.000000,4.022054,0.786302,0.037069,89.934144,0.014144,0.199121,170.978333,11,0f05001405b89f3f,311ad1c18f554ef37be13fd9efb3c2558fbca779e75c5e3e642645ed87d9518b
camera_full_rgb_v2_t000005000,base,one_second_base,0.000000,5.000000,5.016269,0.765833,0.040635,90.032725,0.020778,0.197604,169.514655,11,0f05001405b89f3f,9c1db21dc174979e39b1261250bed61c68db9f182642f6a228d69375d69b338a
camera_full_rgb_v2_t000006000,base,one_second_base,0.000000,6.000000,6.010484,0.751510,0.038701,90.076149,0.058011,0.196725,168.757350,11,0f05001405b89f3f,f216d66ad938c123fe661ca99ea29129e01e530ac13fc0936a5e6ef6b8073ba0
camera_full_rgb_v2_t000007000,base,one_second_base,0.000000,7.000000,7.004700,0.469427,0.029942,90.144183,0.012028,0.197015,170.977812,11,0f05001405b89f3f,c37c246bf13eca63d5a33ef059943891ac3ba360f604d9870b305626ca53798d
camera_full_rgb_v2_t000008000,base,one_second_base,0.000000,8.000000,7.998915,0.548698,0.034778,89.452012,0.038991,0.204906,172.057558,11,0f05001405b89f3f,b1c7d8efad4c7be6e7c80d6738d657b9c4dec59ed3b12bcd253623238f6ef0d6
camera_full_rgb_v2_t000009000,base,one_second_base,0.000000,9.000000,8.993131,0.529167,0.030889,90.021624,0.101673,0.197249,172.319573,11,0f05001405b89f3f,d92e4df14a128457a46d3dec438cd8db48447febb14d1c8bb496fe7f6c589d68
camera_full_rgb_v2_t000010000,base,one_second_base,0.000000,10.000000,9.987346,0.588802,0.036871,90.191738,0.108906,0.196169,171.775270,11,0f05001405b89f3f,8970510ad5188d387e79f15067db40c8b33ecdf12e189e1a80c1608ff68cc1af
camera_full_rgb_v2_t000011000,base,one_second_base,0.000000,11.000000,10.981562,0.896823,0.038548,90.156022,0.103792,0.195915,171.987415,11,0f05001405b89f3f,6542f78999f211abb5e9c4966136ead6a264d0fad29e7b89588042d890111173
camera_full_rgb_v2_t000012000,base,one_second_base,0.000000,12.000000,12.020969,1.670052,0.058762,87.771992,0.272607,0.209590,180.573236,11,0f05001405b99b3c,85741258615e5f45428f8c42054014729255940c4ba9307a5917d9ac2fb108cf
camera_full_rgb_v2_t000013000,base,one_second_base,0.000000,13.000000,13.015184,5.339687,0.078407,91.026214,1.204046,0.210690,176.339504,11,0f05011504b89f3f,b107be2445333d6cbf6c5935363ccf9bcd0c54cc0b114f5c57bc4711be6d432f
camera_full_rgb_v2_t000014000,base,one_second_base,0.000000,14.000000,14.009400,2.706354,0.047998,90.136514,0.271663,0.206136,167.780348,11,0f05001405b99f3f,59ff892458994deb3089d0234e6a32650d6e7015a1a1fd1f4a9e1abf3fadd429
camera_full_rgb_v2_t000015000,base,one_second_base,0.000000,15.000000,15.003615,2.364063,0.049004,88.768099,0.137005,0.208271,189.072871,11,0f05001001b39f3f,922bacb15c58f30f89e80b30c33e9366aa446de88b3a0882347e86747abc3b97
camera_full_rgb_v2_t000016000,base,one_second_base,0.000000,16.000000,15.997831,1.168385,0.041103,89.468656,0.040316,0.201605,183.481771,11,0f05001001bb9f3f,2d984217af76d7e6f3f0bbf551ceaf59913466ae02d8c2a1afbce7a68e5bc857
camera_full_rgb_v2_t000017000,base,one_second_base,0.000000,17.000000,16.992046,2.421094,0.046329,88.753945,0.065964,0.207617,194.663522,11,0f05001001bb9f3f,aa42e711154b57743e762293d8fba200586c7d5cbf8f4ef879398bc19d0036f9
camera_full_rgb_v2_t000018000,base,one_second_base,0.000000,18.000000,17.986262,2.255208,0.059124,88.782122,0.147620,0.214362,192.108659,11,0f03001005b79f3f,44e8cf004912462f735a8a1527cd43f2fab77d74c300aee048f75888eebb7963
camera_full_rgb_v2_t000019000,base,one_second_base,0.000000,19.000000,18.980477,5.259948,0.090992,89.458164,0.795378,0.220173,181.452246,11,0f05041001b39f3f,8734fa3b7d9c8b75a5e58eb58b9564b545cf3934e74d97da9668619fe0821b7a
camera_full_rgb_v2_t000019250,event,scene_change,0.597564,19.250000,19.251627,8.571198,0.097104,91.213802,1.755638,0.210465,169.761878,11,0f06021405b19f3f,46ea84eb83b16fc7ab8bd7832018feb156b70dd0ce436aee6577c656a9a35b42
camera_full_rgb_v2_t000020000,base,one_second_base,0.000000,20.000000,20.019884,6.517865,0.045045,89.332126,3.631302,0.209821,187.649873,11,0e05011404b29d3f,060f90be78482ea094999af4da264fe4cd62125ccd072f026efdb08868a3c99c
camera_full_rgb_v2_t000021000,base,one_second_base,0.000000,21.000000,21.014100,1.238646,0.039897,88.758867,0.305801,0.209626,191.481863,11,0e05011404bb9e3f,a210f4b3150489c76b2ac9b23904619f090f1b4a1361fd33ef656d98a474f751
camera_full_rgb_v2_t000022000,base,one_second_base,0.000000,22.000000,22.008315,1.151771,0.042483,88.847103,0.014661,0.208353,186.377514,11,0e05001405bb9e3f,4649219e9195764ddeb1ff7cf557ffb6076fce903ad90756c4608205efc2fdfb
camera_full_rgb_v2_t000023000,base,one_second_base,0.000000,23.000000,23.002531,0.756615,0.042093,89.001921,0.028415,0.205596,189.550658,11,0e05001404bb9e3f,78797b155394ac17c3eeaec3f1dbfa7de67ef12758bd5e8ac047f0edece7ab4c
camera_full_rgb_v2_t000024000,base,one_second_base,0.000000,24.000000,23.996746,0.716354,0.037357,89.061146,0.031159,0.204678,189.597350,11,0f05001404bb9e3f,ca26d1f8eeea08d26ccea25fca67e022a2eb105800c423892f64c399c39aa61b
camera_full_rgb_v2_t000025000,base,one_second_base,0.000000,25.000000,24.990962,0.829896,0.041983,89.038128,0.029007,0.205983,189.607004,11,0f05001404bb9e3f,78c685beac327a57264353795a50ad5352c9b38578bb1d89b696ce99bb46e05b
camera_full_rgb_v2_t000026000,base,one_second_base,0.000000,26.000000,25.985177,2.119740,0.042928,88.491429,0.320944,0.210811,174.657578,11,0605011505bb9e3f,3f28a09eb1dd233b58a29f27419e5efddf354fc6ba54848a42ebd388a6e07b46
camera_full_rgb_v2_t000026750,event,lighting_change,0.384232,26.750000,26.753435,4.113281,0.063492,87.082480,1.560130,0.224661,169.132756,11,0601011100bb9e3f,7b6a01add5fbafa7a043ab5324237872118abe9d581f56fa4f84d97ad70878bb
camera_full_rgb_v2_t000027000,base,one_second_base,0.000000,27.000000,26.979393,4.700937,0.058311,85.963825,1.118656,0.234613,175.238809,11,0703031002b29e3f,2640ec2a5e6f9725aa2d38113cbc4d767fb618c2a7c34aec51a7196504c57d8f
camera_full_rgb_v2_t000027500,event,scene_change,0.808222,27.500000,27.521692,12.034896,0.103878,88.818340,2.280238,0.253656,167.080319,11,0f03031302b0913b,5fdc095ae97161e0cd8cdf6a1f2e4ef6eb3b05737fa916fec8bd8b476f60aaea
camera_full_rgb_v2_t000028000,base,one_second_base,0.000000,28.000000,28.018800,22.884480,0.266290,91.190368,0.688688,0.283958,144.994641,11,0e0e061603b39b32,a3fa6432ed7fc20933881068621f0fa31e9945a3242379f31181ee37576517a4
camera_full_rgb_v2_t000028500,event,scene_change,1.471249,28.500000,28.515907,38.509323,2.383334,80.889108,6.367093,0.372529,122.810371,10,633332361e2f3737,cfafe57837258cbb71e8ef7267d49af470d3ff6eab6ea5323ecd218c9f6adcb9
camera_full_rgb_v2_t000029000,base,one_second_base,0.000000,29.000000,29.013015,29.121510,2.005735,82.182611,2.441976,0.325303,165.991728,11,0707049484b797ff,1d712cfedfe7ec67c916d3405e8e2b41bd6beb02b64772fafad37fb2b27073ff
camera_full_rgb_v2_t000029750,event,scene_change,0.396793,29.750000,29.736081,5.366146,0.076630,79.191136,1.252083,0.335703,176.255566,11,0707060406a79737,350ddd976d39f119b6b6e60c7d7ff5ba4f3716dc459b7edb6e4dfb06c49fa3e2
camera_full_rgb_v2_t000030000,base,one_second_base,0.000000,30.000000,30.007231,8.459427,0.091817,79.917106,0.725970,0.342943,172.927030,11,0705040404af8fb7,127c08ed0313bb674075a82fbdfa6e9dded6e332bab94bcb0eb20e1f508dc607
camera_full_rgb_v2_t000030750,event,scene_change,0.880789,30.750000,30.730296,13.592969,0.160792,79.165140,2.386621,0.340576,161.912350,11,171d1014143b3f7f,ea96e032dd0a49e1c8f91324b631ef3f7e23e1737c75ccea37abc96f6f48e7be
camera_full_rgb_v2_t000031000,base,one_second_base,0.000000,31.000000,31.001446,26.170885,0.659835,77.663376,1.501764,0.324736,172.180153,6,4f656074647b777f,ef6e72c45aacf340735d80d3d1e3d62affa14671d4c210f9314529e23cf80801
camera_full_rgb_v2_t000031250,event,scene_change,0.976571,31.250000,31.272596,20.870573,0.083069,76.425153,1.238223,0.328535,170.551592,11,cfc5c0d4c4fbdfbf,881f239cd9333d3e8ee813c992fda969a8570c2e8aaddb381bbf59e14991dccf
camera_full_rgb_v2_t000032000,base,one_second_base,0.000000,32.000000,31.995662,0.806146,0.042474,91.996696,0.211029,0.191217,181.539421,11,0f05001404bf9fbf,a2e94bffc381e7140e53f34add0888b67781c5502d04011fcf944cada00d5fa7
camera_full_rgb_v2_t000033000,base,one_second_base,0.000000,33.000000,32.989877,0.450156,0.027797,92.104577,0.081813,0.187601,181.375257,11,0f05001404bf9fbf,0f91f4b17514e09c4d6461531790da7be4eeb0cf5a9092c0606757ddc76ce76f
camera_full_rgb_v2_t000034000,base,one_second_base,0.000000,34.000000,33.984093,0.475937,0.031518,92.087305,0.047946,0.186745,179.860902,11,0f05001404bf9fbf,cb190af688f9b765d278a026d15ad918e088cdcad2e889ce8f112e5f2882dc7e
camera_full_rgb_v2_t000035000,base,one_second_base,0.000000,35.000000,34.978308,0.487188,0.025298,92.069170,0.045433,0.188076,180.612168,11,0f05001404bf9fbf,5431f31356321f09e121199ccae2c2f51dd9d58b539f5b059e79e705a7e8219f
camera_full_rgb_v2_t000036000,base,one_second_base,0.000000,36.000000,36.017715,0.678750,0.033699,92.065788,0.004954,0.188102,181.420690,11,0f05001404bb9fbf,496e10ba426d33a3ff54e6485d23b34c726ee93eab22b72beafe16c0225984dc
camera_full_rgb_v2_t000037000,base,one_second_base,0.000000,37.000000,37.011931,0.690365,0.033763,92.119072,0.033734,0.186462,181.866354,11,0f05001404bf9fbf,5e0633950293862f00b01bc0861e30bdc2b0a7f8e20736b1448405bf271973df
camera_full_rgb_v2_t000038000,base,one_second_base,0.000000,38.000000,38.006146,0.769010,0.038998,92.173695,0.020811,0.187132,184.320452,11,0f05001404bb9fbf,8f73a3e71ed739cfb494c50a891960741596792f21bbeae89eb549e6dbbd6e92
camera_full_rgb_v2_t000039000,base,one_second_base,0.000000,39.000000,39.000362,0.501771,0.026245,92.148138,0.018590,0.185609,184.292106,11,0f05001404bb9fbf,5be11947bbf423ccd642280d0727ecf62a94d4cd00602b8008eb024d3138e72c
camera_full_rgb_v2_t000040000,base,one_second_base,0.000000,40.000000,39.994577,0.474375,0.027451,92.065238,0.063320,0.186230,184.804749,11,0f05001404bb9fbf,9d609f7f94f79442ae8b6ed0c996265fbaa3f0ea2f7119c037237b7fcaedb67a
camera_full_rgb_v2_t000041000,base,one_second_base,0.000000,41.000000,40.988792,0.565781,0.028947,91.964261,0.074147,0.187041,189.986611,11,0f05001404bb9fbf,cb77659a3417565eefe8bbd1da23d8b2e4346ea2cc8f5ea6b6ef55ab46049a69
camera_full_rgb_v2_t000042000,base,one_second_base,0.000000,42.000000,41.983008,0.729531,0.031541,91.871748,0.115326,0.187904,193.742331,11,0f05001004bb9fbf,932854873bf1bdfffc8e389b516bbc10815376c19c96dc6389d7021f27f77de9
camera_full_rgb_v2_t000043000,base,one_second_base,0.000000,43.000000,43.022415,1.007865,0.038811,91.973285,0.059027,0.189564,188.334294,11,0f05001404bf9fbf,6086447e1ee9fdfc551ea896bb9f65a277fa5647d4b53b0167fb92506ae93cb5
camera_full_rgb_v2_t000044000,base,one_second_base,0.000000,44.000000,44.016631,1.523542,0.048205,91.896852,0.038802,0.191813,191.024502,11,0f05001404bf9f3f,0f4f43b008792e476c84ba032dc2e0c383423181717a3e0c88874890b46e431c
camera_full_rgb_v2_t000045000,base,one_second_base,0.000000,45.000000,45.010846,1.396250,0.048233,91.486937,0.372253,0.189408,190.852402,11,0f05001404bb9f3f,a27cd17e60ddab112d07dece5be24728ea6ce5de7a5966ab36ece20894f5cd3c
camera_full_rgb_v2_t000046000,base,one_second_base,0.000000,46.000000,46.005061,0.591510,0.034527,91.950781,0.008057,0.186790,189.707812,11,0f05001404bb9f3f,4ea1fea508348356870e2041f638017862e5b34fd23b23b740a5aa3a464ec5d8
camera_full_rgb_v2_t000047000,base,one_second_base,0.000000,47.000000,46.999277,0.683698,0.040885,91.921963,0.045830,0.188695,187.961286,11,0f05001404bf9f3f,aec9ca054bf57bc3b5511c389c170f455be7ceab205ef6f4f14b6f4a409df369
camera_full_rgb_v2_t000048000,base,one_second_base,0.000000,48.000000,47.993492,0.873073,0.040350,91.770192,0.013265,0.186774,188.279049,11,0f05001004bf9fbf,dc264c5a9c18d35ebb65773a4d8ba36f31a8b7ae83c3b5d2f4351a2c357a9aac
camera_full_rgb_v2_t000049000,base,one_second_base,0.000000,49.000000,48.987708,1.103229,0.041454,91.693913,0.024821,0.188040,187.921995,11,0f05001404bb9f3f,d2e55e120571682c15e1d6026d46f7ee1d6d0d6b42be1b11db9b37310cf90073
camera_full_rgb_v2_t000050000,base,one_second_base,0.000000,50.000000,49.981923,1.018385,0.042164,91.307692,0.015856,0.191963,185.632588,11,0f05001404bb9f3f,238d49be25326767ceec55025db29ddf09d5d8717e65a3c73d5d4285ad188d62
camera_full_rgb_v2_t000051000,base,one_second_base,0.000000,51.000000,51.021330,1.310156,0.056738,89.688877,0.256465,0.204967,185.930618,11,0f05001404bb9f3f,29244f8ddf50c663843c8e187d90d4819a88b1359e5f71ea8e734ad77b9b5516
camera_full_rgb_v2_t000052000,base,one_second_base,0.000000,52.000000,52.015546,0.967865,0.039530,89.479655,0.007591,0.207799,182.993477,11,0705001404bf9f3f,4b2855b581873a06467baf2ae6dcf4269daeb54c59fbcf2faa0573a3e3f8db52
camera_full_rgb_v2_t000053000,base,one_second_base,0.000000,53.000000,53.009761,0.974219,0.032164,89.962865,0.150755,0.200729,179.668392,11,0705001404bf9f3f,61a8b686528a717c4f3bf35b34f30734adc42d1e5b16b5286934d5c8db790828
camera_full_rgb_v2_t000054000,base,one_second_base,0.000000,54.000000,54.003977,2.712396,0.588987,89.690843,0.195775,0.204580,154.091973,11,0f05001405bbbf3f,8c6ce21b33cdee7db226cce98986f3b0b3cf547ef772cc74e2d3943924d579c2
camera_full_rgb_v2_t000055000,base,one_second_base,0.000000,55.000000,54.998192,2.912917,0.557373,89.215465,0.186299,0.207822,153.618721,10,0f05001004bbbf3f,04274facceac3a315c150972e6ed1a81d4abcb9f9fc847e03cf469e9bd44ada7
camera_full_rgb_v2_t000056000,base,one_second_base,0.000000,56.000000,55.992408,1.853490,0.191803,88.726309,0.129017,0.213740,174.186381,10,0f05001004bbbf3f,d0f2fce715515612f1dc364383b77a799fe0efbd878b3ade7abe01484e17cc14
camera_full_rgb_v2_t000057000,base,one_second_base,0.000000,57.000000,56.986623,1.637135,0.139258,88.448900,0.123109,0.218652,177.702620,10,0f05001004bdbf3f,f3d9061a6fb14073b60e50f9b1c16ab46f6c9d830c6854086276b82509bbbe40
camera_full_rgb_v2_t000058000,base,one_second_base,0.000000,58.000000,57.980839,6.006719,1.663425,88.292266,0.027627,0.223311,152.327066,10,0705001004bdbf3f,9b6ceeffcd62cada4059ebd8a3937ed005b4ca75d1c2e897fce6547f39a1c978
camera_full_rgb_v2_t000059000,base,one_second_base,0.000000,59.000000,59.020246,1.804062,0.276992,87.979102,0.096943,0.222809,152.393063,10,0704809804bdbf1f,c0c247fd9c7008745e2d41c1d19f7f5e9c86425b26a61680f3fa15b3f65156c6
camera_full_rgb_v2_t000060000,base,one_second_base,0.000000,60.000000,60.014461,2.705937,0.534269,87.915553,0.014255,0.224121,138.935259,10,0704809806bd9f1f,4d26db0d97b67e0e79f5890625c806e2ff9a98dc9052cc8c1e1a30722ca09665
camera_full_rgb_v2_t000060500,event,scene_change,0.353064,60.500000,60.511569,4.291927,1.109818,87.710146,0.035680,0.229167,141.170487,10,8784808802bc9e1f,aeba20b5b15a80add634ccef70f767d6c1fe4cc86b5611ae8345879a20e0c4e8
camera_full_rgb_v2_t000061000,base,one_second_base,0.000000,61.000000,61.008677,4.029948,1.091318,88.118190,0.166387,0.226956,140.223587,10,8780808a829c9e3f,815587b509f2007947f0bc2c7b1ff772c84f3cb2fb8b237a85b7a76a259c282b
camera_full_rgb_v2_t000062000,base,one_second_base,0.000000,62.000000,62.002892,4.408542,1.268460,88.643991,0.088353,0.231110,150.974756,10,8780808882de9e9f,463880597bf31b084ea834f8cf07ab276847d24f12c3da6e5ecb6be9ead67e8f
camera_full_rgb_v2_t000063000,base,one_second_base,0.000000,63.000000,62.997108,1.872500,0.240541,89.091947,0.013174,0.232051,170.098258,10,8780c08882de9f1f,bf441eaf5481686cf565a4443324b7570b1ee324d84589b12798e7fb673c67a6
camera_full_rgb_v2_t000064000,base,one_second_base,0.000000,64.000000,63.991323,1.783906,0.178931,89.094310,0.110290,0.238770,172.775523,10,8380c0c883de9f1f,f9d1cbb872b912d622bfa07c2df3e31f85f801fb9903817816031cd237f5323c
camera_full_rgb_v2_t000065000,base,one_second_base,0.000000,65.000000,64.985539,1.465052,0.111107,88.815684,0.099199,0.265898,169.817109,10,8780c08882de9f9f,7b6214fe524ef446071af6f6377d5c7fed82539d0b48d5167d76d1298b4bc693
camera_full_rgb_v2_t000066000,base,one_second_base,0.000000,66.000000,65.979754,2.105313,0.321585,88.804196,0.114661,0.270160,144.998687,9,8380c0ca02fe9f9f,543b48f4a4d5f9098b2a90e32dfb9d3cd5b130d0899ea085c9d1974a9565fcd9
camera_full_rgb_v2_t000067000,base,one_second_base,0.000000,67.000000,67.019161,2.342344,0.472889,89.009001,0.043584,0.280313,137.873737,9,8380c0cc06fe9f9f,65240f67c6e5caeffedfe0da26bec384d14da0f00b1ecc583c05d85904fe55f0
camera_full_rgb_v2_t000068000,base,one_second_base,0.000000,68.000000,68.013377,1.928542,0.376399,89.552568,0.182477,0.285091,140.665378,10,c380c0cd47fe9f9f,1195f7cf51952c67df63ffb0c96dfba4c264b82591c4f30709f4c9c51d5bc37a
camera_full_rgb_v2_t000069000,base,one_second_base,0.000000,69.000000,69.007592,2.310364,0.565590,89.067360,0.190732,0.306956,142.032486,9,c3c0c0c545fedf9f,46b08f2a1b3f6183c9f0601b68d0f63aefd9f9552c6c92097425f9c717915c97
camera_full_rgb_v2_t000070000,base,one_second_base,0.000000,70.000000,70.001808,2.256198,0.477073,88.400120,0.326940,0.323887,150.886487,9,c3c0c0c545ffdf9f,33c11f50f4fea1e946d29b6bebf3686fa89567c5ead6da4e36892f98926bff57
camera_full_rgb_v2_t000070500,event,motion,1.259922,70.500000,70.498915,8.966823,4.772812,87.345303,1.134027,0.360234,122.423987,7,c3c060e401ffcf9f,250192abe3a82dc0bb43f9d2c287454e39c4446472c0362e072ff4dd3ea3fc82
camera_full_rgb_v2_t000071000,base,one_second_base,0.000000,71.000000,70.996023,7.614062,4.520319,86.493708,0.657845,0.420524,128.495941,7,616060e220f7ef4f,09327ae9294d992d263a9e8cf994cf79169e8d53314770f27c0aba7445d6c70f
camera_full_rgb_v2_t000071250,event,motion,1.218050,71.250000,71.267173,8.353230,5.461192,86.298109,0.195599,0.437441,129.114375,8,616070f331f7e74f,42679e3227bd8decb755af36e1955125a9860eb0e0d49ad5a5814a9682275176
camera_full_rgb_v2_t000072000,base,one_second_base,0.000000,72.000000,71.990239,6.907396,3.591004,84.493757,0.840280,0.504805,140.987418,4,30313af110f3f787,92ea228db1769dce2b1b80eb3bdc75b5fea601d0cb00988197cf1345e6e9f7c8
camera_full_rgb_v2_t000072250,event,motion,1.052204,72.250000,72.261388,7.534219,3.998792,83.575986,0.917770,0.507682,143.727265,3,b0b3baf918bbf3a7,1c04121b0ab9cf51f52d9b84b0fcab33f29bc5f9504a1eb78180ec56aead86c4
camera_full_rgb_v2_t000073000,base,one_second_base,0.000000,73.000000,72.984454,1.714896,0.068545,82.423356,0.111533,0.509059,168.984354,3,b8bb9bf848b9f3a3,bb1323229a117407bf3b0f828b17ed8b2788fdedbdf4f97d11ec60e814579866
camera_full_rgb_v2_t000073750,event,motion,0.878968,73.750000,73.752711,9.728125,2.949091,82.856699,0.165433,0.516139,125.411767,3,30b13af110f3f3a7,7ce7c9816c23ce5c8b5f08ddb5fa00c2699762ff840f16df5e4b8ef8de927463
camera_full_rgb_v2_t000074000,base,one_second_base,0.000000,74.000000,73.978670,12.081302,1.586089,83.541165,0.684466,0.517155,99.154206,7,306030f311f7e747,0f8b3e3c935dbb8f2755bc2267771b983ff218bb9010503127c212c8244a0aaa
camera_full_rgb_v2_t000074250,event,scene_change,1.032372,74.250000,74.249819,17.084583,1.652652,82.962695,0.578470,0.483867,106.698955,6,43c060c541ffcf9f,ac03c17c4aab5973af0bd153a98d4c9e80611474c55071bbdac676846163d0e3
camera_full_rgb_v2_t000075000,base,one_second_base,0.000000,75.000000,75.018077,2.748385,0.655558,82.952708,0.059531,0.411862,187.100900,6,c3c0c0cd47fe9f9f,a439dda1705612124009c492d3dd92ea491a232c84e5f8f4b401bc9fc7e84c71
camera_full_rgb_v2_t000076000,base,one_second_base,0.000000,76.000000,76.012292,5.176042,2.078161,83.055687,0.021517,0.432891,175.130572,6,c3c0c0c541ffdf9f,5a8ae6878d755c0c1cc0121b5f56795360cebad663fb0bc01aba275ddf8fdd22
camera_full_rgb_v2_t000076750,event,motion,0.643802,76.750000,76.735358,5.875885,2.543936,82.541852,0.055264,0.487005,158.751250,6,c3c060e441ffcf9f,1b41619addf30769d1dc686186aa824472161d261904095a76447bce3cc76058
camera_full_rgb_v2_t000077000,base,one_second_base,0.000000,77.000000,77.006508,7.071615,3.740537,82.708180,0.166328,0.473773,161.281558,6,61c060e623ffcf8f,d4432605bcf3633ce53a782f01a11e1ebf312ba195489898028a007739143f77
camera_full_rgb_v2_t000077500,event,motion,1.048593,77.500000,77.503615,7.824427,4.367553,82.163154,0.365996,0.521074,153.795973,7,616060e220f7ef4f,0f9867fb94d9309040a449a01e6fde81fddb4bb4757862acac0048bcfa8799aa
camera_full_rgb_v2_t000078000,base,one_second_base,0.000000,78.000000,78.000723,7.495729,3.983104,81.828978,0.099235,0.529108,147.633893,3,303034f311fbe747,a98e751d5d95f6d9af7cf39a4c3ff9420b151ce9981d86ac3f82682bdd02c161
camera_full_rgb_v2_t000078250,event,motion,1.157856,78.250000,78.271873,8.133125,4.774000,81.210765,0.618213,0.527275,155.867200,3,303130f110f3f787,948115688233904c5fde468a25574014d535713d34de8ec00483e0a02bb37a68
camera_full_rgb_v2_t000079000,base,one_second_base,0.000000,79.000000,78.994939,6.467761,2.714392,79.840186,0.477181,0.526019,165.123202,4,b8bbbaf918b9f387,d9eab928624bda620b1504535cbd3c107107482cebe38151be6d55d5f6705516
camera_full_rgb_v2_t000079250,event,motion,0.829863,79.250000,79.266088,7.014010,2.873665,79.117741,0.722445,0.526465,166.653603,3,98bb9af848f9f383,3606c1534349d2923f7e26b189c0517d14dc60b2a82b297ce553687144e60322
camera_full_rgb_v2_t000080000,base,one_second_base,0.000000,80.000000,79.989154,6.129896,2.186547,77.402653,0.497780,0.525592,183.958559,3,dcd9ddfc8cfef9d3,3ec468b6c031328326e5c806337977489779cd0556474c6358b86808a9673804
camera_full_rgb_v2_t000080750,event,motion,0.813845,80.750000,80.757411,6.814688,2.728503,75.316517,0.834001,0.530140,166.709550,0,fcddcffca4ffb9c3,820b24592d3cb4ec2436486f7097461136ce9eef357da5620e1aca73f8f7b54c
camera_full_rgb_v2_t000081000,base,one_second_base,0.000000,81.000000,80.983369,5.717135,2.081363,74.687214,0.629303,0.533496,164.936767,0,fcfdcefcc4fff9c8,61a33f971c551dbcd878d676b7f6eb8ed64bc23c9debb4b6e306b10d3e481547
camera_full_rgb_v2_t000081750,event,motion,0.963206,81.750000,81.751627,7.345677,3.097519,75.388610,1.364997,0.523486,168.825879,4,fcfdcefc84ffb9d9,2482ae74b5547c9e8ae7ccdf0f8f9e16e6db141b449f041202545b23edbaf5f8
camera_full_rgb_v2_t000082000,base,one_second_base,0.000000,82.000000,81.977585,6.066354,1.832914,76.304193,0.915583,0.515042,170.040068,7,dcddcffc84febbf9,91b7474fb6c5102dd6e98d61caab4e2c116adde23b03a6fc9df08946aa8f4119
camera_full_rgb_v2_t000082500,event,motion,1.119267,82.500000,82.519884,8.265469,4.163494,78.478008,1.004873,0.500879,166.911657,6,dcddddfc8cfdf9f3,b2daef22cedd1147ba88443299ad6f7ffd229af0b369124d90b07c94c72b5749
camera_full_rgb_v2_t000083000,base,one_second_base,0.000000,83.000000,83.016992,9.151875,5.132562,80.142773,1.257607,0.492949,154.733128,7,98999df808fdf3f3,829fbcc9c3ef3f23f226063bc904549283a962c2d64ba0418794274a819af39f
camera_full_rgb_v2_t000083500,event,motion,1.329266,83.500000,83.514100,10.041354,5.233558,81.965755,0.783232,0.499880,145.364904,9,b8b3baf918fbf3e7,940fec000a21054a09c9109a94913999d3d5f8fe2cc60d47fadcd1216be1470a
camera_full_rgb_v2_t000084000,base,one_second_base,0.000000,84.000000,84.011208,5.949375,2.577682,81.571963,0.011549,0.511273,172.389349,8,303030f111fbc766,be8a2534bee107e36fb58318bf2f6cb8c7483bf0d36fc1b0a89893441c5d6854
camera_full_rgb_v2_t000084500,event,motion,0.548481,84.500000,84.508315,6.167865,1.831068,81.769492,0.083900,0.502396,174.989865,7,303030f111f3f7e6,e410f8c05c727650295cfc01f4c747f36587fb33b92c34d01212a6b2f3cbae52
camera_full_rgb_v2_t000085000,base,one_second_base,0.000000,85.000000,85.005423,5.409531,1.404742,81.124023,0.631120,0.508874,173.604650,6,717034f311f3f76e,7254a6bc432f05ec01961bc49f4c309bbe30bdd85b5174a7ca333723be79b39e
camera_full_rgb_v2_t000085750,event,motion,0.850988,85.750000,85.728489,7.155000,3.124116,80.259824,0.543467,0.524840,149.529323,5,616070f230f7e76e,a4174a1a895388ee9bf8e6e058e4b29b60f2f795d8fb1720b21f3c63c2d0a0da
camera_full_rgb_v2_t000086000,base,one_second_base,0.000000,86.000000,85.999638,8.508750,4.233738,80.205433,0.054391,0.488057,163.826464,5,616060e220f7e7cf,750c4b737fff473e7a2f2d3e2a7b2226b5e97043894f459d7966f2d5a22a5ca4
camera_full_rgb_v2_t000086500,event,motion,1.009120,86.500000,86.496746,8.146406,4.101707,80.162399,0.281042,0.452389,158.439853,2,c3c060e461efef9f,2484a2fbf958bb02718a0a44774c754f53e203d3012ec54f1ab5386b21f50c63
camera_full_rgb_v2_t000087000,base,one_second_base,0.000000,87.000000,86.993854,11.788125,3.696827,79.617835,1.064163,0.405531,146.849394,0,8380c0cc42fedfbe,1a0eae5d365448631e6ec1f509e1d614b603db821c84e8c72645669386874599
camera_full_rgb_v2_t000087250,event,scene_change,1.317178,87.250000,87.265004,15.673020,2.416364,76.996943,2.620892,0.396849,138.118966,0,8700808a86dcbefc,e0746339bd0ac80644968512473257d742a5decd44e275dc382b9bca50bfc23d
camera_full_rgb_v2_t000088000,base,one_second_base,0.000000,88.000000,87.988069,9.840625,4.405415,74.453971,1.023789,0.369128,158.216399,0,0f01001404b9fdfb,4c023363e9c42986e79a0581e9dbd9957ea4b74990e8c9de536e76605d89cfb4
camera_full_rgb_v2_t000088500,event,motion,1.197448,88.500000,88.485177,10.178020,4.241671,72.942676,0.912633,0.347581,162.755628,0,0f03002809fbfbf7,ef4bcb3f4098117284549c806b1691b7d967939bbfba87cd36e46ac54607b3b7
camera_full_rgb_v2_t000089000,base,one_second_base,0.000000,89.000000,88.982285,9.075417,3.680760,71.821312,0.423695,0.329603,164.525446,0,1f0301291b72f2ff,86d2a2bce09f9310a3fbfccbbcfb6ba8529e62b68a85ca13c4262f08cfc800b9
camera_full_rgb_v2_t000090000,base,one_second_base,0.000000,90.000000,90.021692,2.481406,0.346294,71.625026,0.009352,0.313145,199.724456,0,1f03016013f7f6df,0632c7f01c4f645d366468656894dfcd207b0e99065637b936500f8f2a344ca9
camera_full_rgb_v2_t000091000,base,one_second_base,0.000000,91.000000,91.015907,0.622917,0.029406,71.645029,0.037572,0.317809,220.396032,4,1f03016013f7f6df,04d6d35d4142aa78fedaa2b7dcc881b2bf73defee12e457257a63bd6881deb1e
camera_full_rgb_v2_t000092000,base,one_second_base,0.000000,92.000000,92.010123,0.509583,0.023854,71.592773,0.030475,0.319749,230.590449,4,1f03016013f7f6df,8c7fd49e5d06c183d550772e89feb0898ca8798070de28320b83cb6a7a5310b8
camera_full_rgb_v2_t000092750,event,motion,0.529121,92.750000,92.733189,5.872031,1.640989,71.768831,0.252975,0.319460,186.444228,5,1f0301611bf2faef,959d3717e782aca4e41ce6bf1edd557084b61d61b5b1b4fde88c637c8c913b57
camera_full_rgb_v2_t000093000,base,one_second_base,0.000000,93.000000,93.004338,8.362291,3.101756,71.970055,0.201224,0.329824,167.938551,6,1f0301290972faf7,45fa6e8abed51d2e47391a502a2028e41b5ee3baba3d9448156a0448cc6a0b64
camera_full_rgb_v2_t000093500,event,motion,0.985464,93.500000,93.501446,8.734688,3.524678,72.663789,0.600189,0.354896,162.984498,7,1f030028097bfbe7,8207f46a1359a543a5a545b72bac2c83adbd1b4d9f6e33f35dd411fcaef7720b
camera_full_rgb_v2_t000094000,base,one_second_base,0.000000,94.000000,93.998554,7.606302,2.759299,73.811162,0.526940,0.366139,170.426588,7,0f0100300df97d6b,4324925befa68181fb21e7e435fa80727c554b6f5d25cca9fe479362de079ccf
camera_full_rgb_v2_t000094750,event,motion,0.952710,94.750000,94.766811,7.925781,3.579023,75.150479,0.538535,0.396598,168.279954,8,0f01001404b97cfb,0d572a9aa589c530f6aa77140ba84e69b2973ba96e8aa1c63c3a986498f73965
camera_full_rgb_v2_t000095000,base,one_second_base,0.000000,95.000000,94.992769,6.564479,2.619616,75.633333,0.482855,0.401950,164.738437,6,0f00001404bc7efd,c501ac2bb2666672c0c396f563aa70fa886b82cd2add0332cfe0305a9e549e21
camera_full_rgb_v2_t000095250,event,motion,0.653640,95.250000,95.263919,5.716823,2.314888,76.082240,0.448906,0.406956,171.266940,6,0700809804bc3ebd,c36d17a9d8a481088a3100c8d243d88fd34da71d1fe5b2ef28ef1e40fae8413b
camera_full_rgb_v2_t000096000,base,one_second_base,0.000000,96.000000,95.986985,5.076562,1.595584,77.323171,0.481908,0.416579,184.779899,8,8780808a82dc3e3c,b2f62ab11b90df6039c0865a7a049d1b4ba5fd11f7aaa7e727fe6bf46742b04b
camera_full_rgb_v2_t000096750,event,motion,0.705940,96.750000,96.755242,6.438750,2.513023,78.547324,0.387770,0.447923,190.798793,8,8780c0c882febf7e,865ed146fa1f36e3b8e888a2e3c0eed1c8d7684a4fff750962676afd4da93da9
camera_full_rgb_v2_t000097000,base,one_second_base,0.000000,97.000000,96.981200,5.747188,2.134431,78.864974,0.317650,0.453236,192.129170,8,8780c0cd43febf7e,c89d664d1994fb711e3232a90fe253e9601458d5693dc1823794253871ab210b
camera_full_rgb_v2_t000098000,base,one_second_base,0.000000,98.000000,98.020607,3.409167,1.013155,79.127653,0.054137,0.498604,181.759608,5,c3c0c0c541ee9f1f,dd575746c5b8cafa0d8467ff3b2bd851f4f568917357da7f46473ac0e0beba46
camera_full_rgb_v2_t000099000,base,one_second_base,0.000000,99.000000,99.014823,3.184479,0.775555,78.752799,0.145322,0.512559,187.562428,4,c3c060e461ef9f3f,f54638bf6ee5f1abfde55c7ba7778d20db66f704283c40ba55e6a3a4656f14ac
camera_full_rgb_v2_t000100000,base,one_second_base,0.000000,100.000000,100.009038,3.661979,0.921790,78.283600,0.122897,0.537474,187.886830,4,43c060e622ffcf9f,ec8099121bff87083fc01fd8c820e9f7418d3133e5f2b7e19754dd075227e2ee
camera_full_rgb_v2_t000101000,base,one_second_base,0.000000,101.000000,101.003254,3.686875,1.047780,78.141143,0.340212,0.553477,185.398931,5,616060e222f7cf9f,7392fb7a33cb7da6a32210fabfcd6e0624fae9de027d3def48fec1f81f32fc28
camera_full_rgb_v2_t000102000,base,one_second_base,0.000000,102.000000,101.997469,3.848542,1.095067,77.570277,0.038604,0.560570,183.100485,3,616070e220f7cf8f,194b95c9b83ae2a12457d066bb36ce98b58da35c546b9174a8f645c755a1625e
camera_full_rgb_v2_t000103000,base,one_second_base,0.000000,103.000000,102.991685,3.956250,1.038369,77.268187,0.223464,0.556491,185.803086,0,616070f331f7cf9f,6ef99de3d3977da4fa6b0516e827a00d4c8ad0c59beb4a4c4aa65b4d775de280
camera_full_rgb_v2_t000103250,event,motion,0.433600,103.250000,103.262834,4.795417,1.418733,77.142975,0.125212,0.553786,189.786028,0,606070f331f3e79f,567e429b892706b3d53d14641e84c71c105de69378938153eec0124b7deab9c5
camera_full_rgb_v2_t000104000,base,one_second_base,0.000000,104.000000,103.985900,2.109427,0.386327,76.809766,0.245228,0.554772,198.479836,0,706070f331f7c78f,a2708538eaff1b4575e536d4c7ce3204f086920e6ed889c20da62bf60ebdc8c9
camera_full_rgb_v2_t000104250,event,motion,0.468258,104.250000,104.257050,4.533490,1.260127,76.154300,0.655465,0.559583,197.929782,0,606074f331f3c79f,0636dcbbda3539fa48a9ee99bb7d28e4961d30f86301eca2a280bcff0cc7a968
camera_full_rgb_v2_t000105000,base,one_second_base,0.000000,105.000000,104.980116,2.670156,0.586047,76.084284,0.516504,0.560879,196.658236,0,606070f230f7cf8f,79864c2acd10d6475d05430f6dbbf0f3194b49fcc4ef994384c47aef82b68cd5
camera_full_rgb_v2_t000106000,base,one_second_base,0.000000,106.000000,106.019523,2.557448,0.527238,75.711393,0.203610,0.562842,190.816422,0,616070e220f7df9e,8247badcfcdb94acfb93ee6f03e817d1fce2f2867c0ba160276ae9fa90beecd2
camera_full_rgb_v2_t000107000,base,one_second_base,0.000000,107.000000,107.013738,2.291719,0.431200,75.355801,0.029870,0.561992,200.228030,0,616060e220f7df8f,f1139709c8d3ab15e4b6c05c41c3301e1f0198ac96b76a839b008e9e48aa55f4
camera_full_rgb_v2_t000108000,base,one_second_base,0.000000,108.000000,108.007954,2.924635,0.643106,74.535732,0.269974,0.564935,203.942008,0,e160e0e222f7df8f,b8c2499d565a126a11e5842fd0d69ec98eca5fc58db0867e2a0bef7d4a546449
camera_full_rgb_v2_t000109000,base,one_second_base,0.000000,109.000000,109.002169,3.278490,0.773834,74.531937,0.072930,0.560576,216.672708,0,41c0e0e622e7cf8f,0e41cf42d846f589c08ae44c730c3d6760b92f25843dcc83dfcbd7ae0abf0e2e
camera_full_rgb_v2_t000110000,base,one_second_base,0.000000,110.000000,109.996385,1.902656,0.318862,74.718568,0.100036,0.560729,224.904641,0,41c0e0e622efcf2f,c78ef9a5afeabb647464ad1c86e0479a83eb36f06ea69a7b73ac470097da431f
camera_full_rgb_v2_t000111000,base,one_second_base,0.000000,111.000000,110.990600,1.594427,0.299311,74.802435,0.078818,0.557891,233.122932,0,41c0e0e662efef2f,06fa23dbb40c58283b69d0bd7d4ec3d0b08c697283afde929ceb53d7a761239b
camera_full_rgb_v2_t000112000,base,one_second_base,0.000000,112.000000,111.984816,1.002292,0.078214,74.929980,0.127673,0.553467,238.469049,0,41c0e0e662efefaf,222716f37ab06661c142c652671cbfc9955f5bfaf4422f8d51962122bc724d7d
camera_full_rgb_v2_t000113000,base,one_second_base,0.000000,113.000000,112.979031,0.979219,0.061848,75.091006,0.085394,0.548714,250.227569,0,41c0e0e662efefbf,4d2993de43db765d2745198956e59c6b62c134a46043ca955f57a64ccfcd338b
camera_full_rgb_v2_t000114000,base,one_second_base,0.000000,114.000000,114.018438,1.373958,0.120473,75.217292,0.049342,0.544346,240.738708,0,43c0e0e662efefbf,9902dcd7ca80c879d98f0a9c4dbd43a3adc32cbf471602d4b9e4ab8752da58b1
camera_full_rgb_v2_t000115000,base,one_second_base,0.000000,115.000000,115.012654,1.121042,0.054174,75.400781,0.039674,0.540436,260.286961,0,41c0e0e622efefbf,84c87a75471c7564a437caf15cd1cbadc1df87131c0fd428a5a484135a784cb4
camera_full_rgb_v2_t000116000,base,one_second_base,0.000000,116.000000,116.006869,1.232604,0.109681,75.570811,0.055000,0.536452,249.214984,0,42c0e0e662efefbf,47c387d31f8ef03357b4c340e0512b4a58a742ea21cd12f822ec3bdc29c799b3
camera_full_rgb_v2_t000117000,base,one_second_base,0.000000,117.000000,117.001085,1.127240,0.092516,75.730101,0.038929,0.532513,248.536438,0,4040e0e662efefaf,bf513cb38a83afcaecadb4f712ffee2d827d393961657a08c408a2975814fdf8
camera_full_rgb_v2_t000118000,base,one_second_base,0.000000,118.000000,117.995300,1.139063,0.101015,75.931514,0.015589,0.529769,243.960531,0,4240e0e662efef3f,3fc1440de9b7bdc6fea3940abd9a1bb137a36fe250f73e7a7c02a70e4e896ee6
camera_full_rgb_v2_t000119000,base,one_second_base,0.000000,119.000000,118.989516,0.877396,0.049898,76.172093,0.001305,0.524600,263.077139,0,4040e0e662efef3f,49d6ffd659fac291f798e3a9f3e0ef9dc701689e8436f334f391a2c1a97c6bde
camera_full_rgb_v2_t000120000,base,one_second_base,0.000000,120.000000,119.983731,0.933229,0.056908,76.134792,0.007285,0.523187,257.311120,0,4240e0e662efaf3f,00a8bfa7dd9d4807b760928d566b7c946f1303f4b071801df50a7739a1ba7a17
camera_full_rgb_v2_t000121000,base,one_second_base,0.000000,121.000000,120.977946,2.112083,0.309338,76.251022,0.064141,0.519430,224.969115,0,4040e0e662efaf3f,8f97f3d0712f0300f647132bb4110cdc25ea10440f7ac5ade0657339d05cfc7c
camera_full_rgb_v2_t000122000,base,one_second_base,0.000000,122.000000,122.017354,2.568073,0.434984,76.415964,0.344131,0.512269,233.936992,0,4048e0e662efafbf,d458f3feb0e96ed0cd10223deb71535b6d3fe0b6a592598912b7b86578f07bd7
camera_full_rgb_v2_t000123000,base,one_second_base,0.000000,123.000000,123.011569,2.860677,0.562942,76.552461,0.032653,0.506455,215.127906,0,4248e0e660efef2f,532da3bb3b96a8a0afad348c436259c5b69ca9ec24619430ac5071e057b86cab
camera_full_rgb_v2_t000124000,base,one_second_base,0.000000,124.000000,124.005785,2.881302,0.457171,76.465085,0.232611,0.501029,219.368802,0,4008e0e220e7efaf,bb919834e6394677ab22ec68f1579b9c8f0019858684bd77ddb9e873aa4e197b
camera_full_rgb_v2_t000125000,base,one_second_base,0.000000,125.000000,125.000000,2.094687,0.248299,76.621462,0.136735,0.494238,243.226122,0,4208e0e220e7efaf,cbef2a0685f407f80ecb42c5d5b645595082dc92bca28e9328e69e5940623ad5
camera_full_rgb_v2_t000126000,base,one_second_base,0.000000,126.000000,125.994215,1.299115,0.085900,76.549899,0.083529,0.490527,265.168097,0,4088e0e220e7dfaf,c79492e37a9415d2f5383ad34146820f012faa4520f791b0739f41b18a486050
camera_full_rgb_v2_t000127000,base,one_second_base,0.000000,127.000000,126.988431,1.330156,0.090732,76.467773,0.073464,0.485693,272.218944,0,408ce0e220e7dfaf,d6dcd722efaa723b602c2e046259c18926dba85404829d60d18f728557e9b251
camera_full_rgb_v2_t000128000,base,one_second_base,0.000000,128.000000,127.982646,1.610000,0.151683,76.611429,0.200137,0.479007,266.805235,0,428ce0e220e7dfaf,81a5003c74aa127f49813e698866348f1a41b820e49e6d5c87794e8d69883005
camera_full_rgb_v2_t000129000,base,one_second_base,0.000000,129.000000,129.022054,1.540625,0.149101,76.406657,0.021549,0.476403,257.736545,0,428c60e220e7ddbd,bca826256dedbb917e3f1dadf412e9e36a9be09423c50a9d472ab4db0ea4bdc1
camera_full_rgb_v2_t000129500,event,scene_change,0.111182,129.500000,129.519161,1.473594,0.156508,76.614147,0.200947,0.472070,261.687090,0,408470e220e7dfbf,85df555cb3250dcf07bb927d38a075f3b08d3074946dac48154016f4b189368f
camera_full_rgb_v2_t000130000,base,one_second_base,0.000000,130.000000,130.016269,1.538594,0.180756,76.433691,0.055394,0.473460,263.758970,0,428470e221e6df9e,04c22d45d045673c06ad4ebe7897a54bcebbfbfcb844532df69c2ff6fcacd8f8
camera_full_rgb_v2_t000131000,base,one_second_base,0.000000,131.000000,131.010484,1.854427,0.271559,76.521657,0.083151,0.467402,251.910454,0,428470e221e7db8d,e1c49cb16bb1910231c305c2ba4e3f055176f640b7f0cadcf2fbebe756b02bfd
camera_full_rgb_v2_t000132000,base,one_second_base,0.000000,132.000000,132.004700,1.659010,0.233715,76.266872,0.021592,0.468704,268.159892,0,428470e221e7d78d,b30773481aa40d2cce3f446f6d27342eec6221d93ca3f6d9e2818a63564d4f68
camera_full_rgb_v2_t000133000,base,one_second_base,0.000000,133.000000,132.998915,1.415729,0.136826,75.846816,0.035505,0.471393,271.912311,0,508470e221e6dd8e,18d7668df41ff01523bf35c08f65999e1c30a06353be83771939668be362dd11
camera_full_rgb_v2_t000133750,event,scene_change,0.121543,133.750000,133.767173,1.626823,0.220958,76.118695,0.155977,0.466383,282.798574,0,408470e221e68d9c,b44b7ea2cea65aa5b40eee06cd2e6740191472b56dd72c547553ac33a051db53
camera_full_rgb_v2_t000134000,base,one_second_base,0.000000,134.000000,133.993131,1.539583,0.159301,75.957324,0.161370,0.465863,295.670019,0,408470e221e69e8c,29ba0c33b38ad38ad3fe818895721f73277c4d67bec155046e15a6bf1c70d542
camera_full_rgb_v2_t000134500,event,scene_change,0.120324,134.500000,134.490239,1.615521,0.185864,75.791839,0.191618,0.467946,297.379583,0,588470e221e7de9c,1f6e6dc57a91fa6b882c5c7a42d95f3669e9eb61fa91dfe2d5393f7a376b7d60
camera_full_rgb_v2_t000135000,base,one_second_base,0.000000,135.000000,134.987346,1.490156,0.188589,75.915853,0.013457,0.464935,283.546702,0,588470e321e58d9c,cebf1d515a7d569ef479998d07a8417a1f16eddb9964cbb25430e4e696afa509
camera_full_rgb_v2_t000136000,base,one_second_base,0.000000,136.000000,135.981562,1.247135,0.150667,75.975892,0.017376,0.460911,291.862074,0,588470e321e48e94,857c82d7563e1fb7759bd9f9f81ce833d188b0efe3ba647cab102149a338ba13
camera_full_rgb_v2_t000137000,base,one_second_base,0.000000,137.000000,137.020969,3.140833,0.487340,75.726315,0.209144,0.458636,265.738388,0,488470e321658c94,82ea19dd38119be2d66267824e71dc2a4d985fa27ce2416ffa42ef2ba34d7069
camera_full_rgb_v2_t000138000,base,one_second_base,0.000000,138.000000,138.015184,1.936719,0.276383,75.497363,0.069554,0.456745,287.965048,0,488470f331f5869c,f96699bff0ff089e0dcd296c988aade2bce64254e6d80d2655d9119c43de827d
camera_full_rgb_v2_t000139000,base,one_second_base,0.000000,139.000000,139.009400,2.729063,0.357480,75.622402,0.250241,0.451663,277.163496,0,488670f33175869c,2e486c9e9a79d6bcee00505e47177709c588d0e9362abc0c411dcdff892930b7
camera_full_rgb_v2_t000140000,base,one_second_base,0.000000,140.000000,140.003615,3.175364,0.522653,75.668577,0.093255,0.448864,278.317880,0,688630f33075868e,4f11da561b123e7a172c9e8c02c49259575a24d2c335ae3137082b7fb8628748
camera_full_rgb_v2_t000141000,base,one_second_base,0.000000,141.000000,140.997831,4.745521,0.692363,76.015348,0.072578,0.440677,270.736220,0,4c8630f130768786,6f63f993fa610ebefd926371fb6a0dedc88d5c318801ef95ac1a66082bc989c3
camera_full_rgb_v2_t000141750,event,motion,0.505831,141.750000,141.766088,5.329114,1.408812,75.869225,0.518379,0.439779,274.040123,0,688630f33076a786,63a8b1fcade82cdc0e3d3569e38837cfb2b0a81af0e60ae4cbd528a0def1517b
camera_full_rgb_v2_t000142000,base,one_second_base,0.000000,142.000000,141.992046,4.604115,1.191970,76.142715,0.273490,0.435954,268.715979,0,6c8630f33074c706,3b7009b6c39b973038e3eabdd61eced40e2e56138a8a5d50c7203eb1c68b9283
camera_full_rgb_v2_t000142750,event,motion,0.938348,142.750000,142.760304,8.000156,3.834840,76.023874,0.105309,0.436813,225.212968,0,988470e26164860c,bfba95e897786045930999ee29bd9ba05c860701fb247f06f1d5c7094c23c52d
camera_full_rgb_v2_t000143000,base,one_second_base,0.000000,143.000000,142.986262,7.373021,3.480409,75.824870,0.199004,0.439281,218.985878,0,908c60e2e06c860e,0b3ffa0c7fff37e78a204fe203b773cb60fab2c5ea6b0ffc63de329f6cd2d9af
camera_full_rgb_v2_t000143250,event,motion,0.969353,143.250000,143.257411,7.741406,3.776384,75.335983,0.488887,0.443255,220.209047,0,908c60e660e88c0e,c8254d203c24028f814e05aada2b23e6779eb0a3478ecbeefe023f7c3a4f9f69
camera_full_rgb_v2_t000144000,base,one_second_base,0.000000,144.000000,143.980477,6.022969,2.417439,74.578577,0.011204,0.452533,230.328818,0,3008e0c440c88c1c,f80f5fc85f213fba93bde7a0d9230b4227392150b4b1792790adf842cda025e6
camera_full_rgb_v2_t000145000,base,one_second_base,0.000000,145.000000,145.019884,5.549010,2.085972,74.457507,0.050046,0.460293,241.526006,0,2010c0cdc1d09898,58bd4743030c3ee1b7ed9e0e08e626dbb010742927f1242538bf702f2df39ff8
camera_full_rgb_v2_t000146000,base,one_second_base,0.000000,146.000000,146.014100,5.738438,2.188814,73.269801,0.515384,0.475378,242.216736,0,2010c08981909838,b6314a16ea122f91f3464440fb0efe987081897f34cd5ffa77c269715afbe18e
camera_full_rgb_v2_t000147000,base,one_second_base,0.000000,147.000000,147.008315,7.406615,2.667691,74.168893,0.970094,0.466126,247.636498,0,2010c08d81909838,da18f9c61e3f0229ae61078b0103fddf5e9582778977a935534128758c9e57c6
camera_full_rgb_v2_t000148000,base,one_second_base,0.000000,148.000000,148.002531,6.460886,2.523427,75.803213,0.229382,0.440469,245.134223,0,3018e0c4c1d89818,20bb151f48ee0ff9004b41c25ed11497207260654acdaa73ac9b8d2a9caa5e51
camera_full_rgb_v2_t000148750,event,motion,0.771258,148.750000,148.770788,7.079636,2.787286,76.882741,0.360488,0.418672,226.363203,0,1008e0c6c2e8981c,6c1d7ed0be5752fde3e82b5352b7e1dc2e43a407cb9462262c53046a159808b7
camera_full_rgb_v2_t000149000,base,one_second_base,0.000000,149.000000,148.996746,5.621354,2.006133,77.190944,0.308203,0.416432,224.363230,0,100860c640688a0c,7d87723dcf43e49bb216caeb7360b9216448ef1650c00cd792fbc71a06ab8167
camera_full_rgb_v2_t000149250,event,motion,0.620947,149.250000,149.267896,5.802761,2.080077,77.642643,0.451699,0.411865,226.159664,0,100c60e6606c8a0c,c75b4c2c2bdcac7eac88b85d980513b261414c016efbd5e5a869dcba614999e2
camera_full_rgb_v2_t000150000,base,one_second_base,0.000000,150.000000,149.990962,5.051302,1.529441,78.728844,0.222422,0.402874,233.381156,0,188c70e26064ca0c,24e3f794f78c9f4f10ba251a00eae86bc847b87fe5745ec6e8d68f3b621ecc32
camera_full_rgb_v2_t000150250,event,motion,0.571978,150.250000,150.262111,5.582760,1.873379,79.121693,0.392848,0.399951,231.810195,0,188470e2e164ca0e,df77ab408ac5195a7f13c5ed4826913a57df8a5ecff08868eee326282099c861
camera_full_rgb_v2_t000151000,base,one_second_base,0.000000,151.000000,150.985177,5.053281,1.396426,79.291436,0.144567,0.395820,252.723597,0,188470e36176cc06,b7d435e5c4bac8e170b1774b75e2ded73301389c6ac5ac4b87bcac478a22995d
camera_full_rgb_v2_t000151250,event,scene_change,0.294452,151.250000,151.256327,3.916510,0.613945,79.584238,0.292803,0.394626,273.536183,0,188670e36136ecc6,156f47205a11d63b19ca6aae4368d591c3f401e1c709652215b5b43df71253a0
camera_full_rgb_v2_t000152000,base,one_second_base,0.000000,152.000000,151.979393,2.298906,0.285067,79.911852,0.002881,0.390908,290.606997,0,1c8630e36176ed8e,c2e46802e6faf4e0ac36914e66ac871d70ae357efae59d68e9b1000e5db22698
camera_full_rgb_v2_t000152750,event,scene_change,0.235574,152.750000,152.747650,2.935833,0.434026,79.514551,0.362741,0.389642,264.852919,0,5c8630f33036f4cc,c9520a28c98ca588b29f267d12ef396894235ce39377d467098d21f65573517f
camera_full_rgb_v2_t000153000,base,one_second_base,0.000000,153.000000,153.018800,3.879792,0.646374,79.550309,0.035758,0.390117,259.168202,0,5c8634f37032f4ce,9fc0f1304dc41fd9b1a57e63af7f01b1e152600f7e804026e6fc7e7d79860f2e
camera_full_rgb_v2_t000153500,event,scene_change,0.255458,153.500000,153.515907,3.636875,0.572834,79.674007,0.132699,0.387695,274.849352,0,3c8634f33072f4cc,1250b7b66ba611ce688b358fe12d260ffb5b4a3e70cdabd65ebefabfe3e6ce15
camera_full_rgb_v2_t000154000,base,one_second_base,0.000000,154.000000,154.013015,3.260990,0.492514,79.907008,0.028949,0.384362,292.167135,0,3c8638f33033f4cc,ca14fe80745f651f5df9bc47c7400c78f73d34fcdc8fe06435c574c8c109450e
camera_full_rgb_v2_t000155000,base,one_second_base,0.000000,155.000000,155.007231,0.859531,0.047853,79.230785,0.023151,0.387832,320.583814,0,3c863cf33033f4ec,35df9b955b5bcf6b8dac5bd5f79087b33f55cc0c7ea319ac4b8ea75b51680018
camera_full_rgb_v2_t000156000,base,one_second_base,0.000000,156.000000,156.001446,0.665677,0.028794,79.100078,0.130667,0.386608,349.756430,0,3c863cf33033f4c4,94e36febfbde0871e8f3c6b45b82f4318b230ee0b44be1540c528c14a1a56cd7
camera_full_rgb_v2_t000157000,base,one_second_base,0.000000,157.000000,156.995662,0.627031,0.029648,78.372178,0.073151,0.392682,353.474508,0,3c863cf33033f6ec,b2450fde2abbe0deeb0040ada538bd5beb913b198260eb4380c22859271a211c
camera_full_rgb_v2_t000158000,base,one_second_base,0.000000,158.000000,157.989877,0.891875,0.044236,78.369665,0.050303,0.391520,352.358818,0,3c863cf33033f6e4,014c703cc1c7c73dc41bc93e4fcb9db75055189fa6be4403570ff1bdcf7f11fd
camera_full_rgb_v2_t000158750,event,motion,1.127483,158.750000,158.758134,9.478802,4.634744,78.221602,0.136195,0.388711,202.364015,0,2c8634e36132f4cc,3971ad62fbf53f1160f2c4b8227ef9e44e7c64819e92127f7a6e11fccd1627a9
camera_full_rgb_v2_t000159000,base,one_second_base,0.000000,159.000000,158.984093,9.938802,5.457873,77.893883,0.327718,0.392321,209.509449,0,680470e2e126f4c8,ddfb5d732deac55fd4261b4a4d9cd3627b68c120208caa50e37efe6bbf541fb3
camera_full_rgb_v2_t000159250,event,motion,1.181893,159.250000,159.255242,9.186510,4.749913,77.391286,0.502598,0.395420,218.022119,0,480c70e66026ecc8,2dfc121d14421b924f6d98d41251fc713e4b10eb08ea3e9202dba45c78e2e4de
camera_full_rgb_v2_t000160000,base,one_second_base,0.000000,160.000000,159.978308,7.176302,3.008394,76.126663,0.253929,0.404639,234.807633,0,d00860c6c20ce8d8,5323629150e3a33c890fd65748a57ace94889c6acf89cc735bb7bd32eda105a0
camera_full_rgb_v2_t000160250,event,motion,1.112243,160.250000,160.249458,9.192291,4.294576,75.616188,0.510475,0.412601,220.449908,0,9008e0c4c00cc890,58f448e3c8430cbb07dcb228744a26d0d4158b1254ebe6851d7750c289a5002b
camera_full_rgb_v2_t000161000,base,one_second_base,0.000000,161.000000,161.017715,7.523646,3.041433,74.655221,0.451514,0.434801,260.284906,0,3010c08d8108d4f0,eac0401fd87d0b53c11dfee737bc22429623e360fb90a3f8c11a531fe12feb5b
camera_full_rgb_v2_t000161250,event,motion,0.680434,161.250000,161.243673,6.336823,2.253467,74.122979,0.532243,0.439557,255.098543,0,2010c08d8518d4d0,189a797725184921323454d0efd9da4e118c671b7bb36fde45f55e9836c93b39
camera_full_rgb_v2_t000162000,base,one_second_base,0.000000,162.000000,162.011931,7.445364,1.553208,69.334202,3.218734,0.480547,268.418925,0,a090c088809880e0,212fca588277c160c117b54c37c8d9197a2bc343f5d18ac2cb8b7ed086a19045
camera_full_rgb_v2_t000162500,event,scene_change,1.072065,162.500000,162.509038,12.989948,1.884343,64.163870,1.872523,0.509121,279.207835,0,2010c0dac250e8e0,ef41b23cef66d6d303fc541d6ade42f398861d11294ef5042729914c2940ed59
camera_full_rgb_v2_t000163000,base,one_second_base,0.000000,163.000000,163.006146,12.657344,1.714648,64.656527,0.571536,0.511247,280.172520,0,2030405a42706860,42b412d3e9e0a4bfb9005b99b587873c94f8759baab3d1b9c6ca81848d0dca82
camera_full_rgb_v2_t000163250,event,scene_change,0.787409,163.250000,163.232104,10.057917,1.187372,66.103662,1.447135,0.507923,281.044843,0,6030203a22302840,0f79090fbe25cbf118285c297c213069c58ffd35db3892564ae732b995495fe7
camera_full_rgb_v2_t000164000,base,one_second_base,0.000000,164.000000,164.000362,7.371146,1.252709,65.578128,0.365257,0.514889,247.814813,0,4030901a12100890,b58f3da29a9819206631ba66cc3d3765ff75b7e092ce030896491377b059a809
camera_full_rgb_v2_t000165000,base,one_second_base,0.000000,165.000000,164.994577,4.144531,0.766483,63.838076,0.536471,0.527285,265.780735,0,4020901810100890,cdec3d005aa0cfe767251d39e2e2db4aaf25fee32310aaf6685dfa1ef373e699
camera_full_rgb_v2_t000166000,base,one_second_base,0.000000,166.000000,165.988792,3.404948,0.607501,62.244717,0.383115,0.536217,263.720968,0,4020c01c14104810,61fd0e4ec6f069e49969e4a43cf6e59777970a0898cde988aedf541d7568f890
camera_full_rgb_v2_t000166750,event,scene_change,0.597513,166.750000,166.757050,6.244114,1.265945,63.256279,1.097461,0.528343,248.160015,0,4020881c0c104818,b41e7c6648e1e2aa49c0e810cdd31a2b7f281b87a42e32a93a9ec876ab734907
camera_full_rgb_v2_t000167000,base,one_second_base,0.000000,167.000000,166.983008,12.334896,4.186889,65.975941,2.719661,0.509150,226.677389,0,4020880a0a004818,a87aa76b6bb1e3c5bd247b7637a7a17e95d47649fe3a43d45ee64c96d6b94c1c
camera_full_rgb_v2_t000167250,event,motion,1.572402,167.250000,167.254158,13.164010,4.713380,68.618298,2.642357,0.487604,248.362256,0,6020c00a0a002018,6a9d7792eb85964228e18b135254ed817eacbc16bcec09bac35be932b0743228
camera_full_rgb_v2_t000168000,base,one_second_base,0.000000,168.000000,168.022415,9.774583,2.769304,73.030553,1.323496,0.446338,269.519081,0,2010c08e8210a0a8,678037bbca65a0e803a13344fda395d868f145ad9a70d4b6bc9b09fe622f5c49
camera_full_rgb_v2_t000168500,event,scene_change,0.881509,168.500000,168.519523,9.381927,2.417768,74.868841,0.918050,0.425944,274.614401,0,2010c28b8108b088,87705fc98be5eac5f7ca852d3466715ada597ff921e866f156097ae51a587fcb
camera_full_rgb_v2_t000169000,base,one_second_base,0.000000,169.000000,169.016631,7.487709,2.061122,76.630700,0.609922,0.410267,276.401681,0,3010e08981089090,0ff8ad9c43d76c6d5b663daef60f51628a7926de577b2b0d081afddfe1f014af
camera_full_rgb_v2_t000169500,event,motion,0.661462,169.500000,169.513738,6.539427,1.728684,78.279899,0.944574,0.396995,264.017665,0,3018e0cdc109d894,27f191922062fd5470a644bb003efe332c4475cb959c28c89ae49f3ab0cb501f
camera_full_rgb_v2_t000170000,base,one_second_base,0.000000,170.000000,170.010846,7.446771,2.018509,78.353236,0.223190,0.393258,258.854062,0,1008f0c5c10cd894,3ec78a2475385d098b5a21713cfa636181cf50e8fd0ae6a19349258011943484
camera_full_rgb_v2_t000170250,event,scene_change,0.433763,170.250000,170.236804,5.694010,1.257837,78.315143,0.038092,0.393031,256.398319,0,1008e0c5c10ce890,a85f338023d29dbb38d964e87a8273fcc85ff4bbd7754267d7c4baccf0a47734
camera_full_rgb_v2_t000171000,base,one_second_base,0.000000,171.000000,171.005061,5.431146,1.065972,79.513675,0.632464,0.386048,263.257461,0,180870c4c004c8a0,0290c34ad601c68b2360e0012671a37ea0f47c242f554d69b3cfbb8839e61021
camera_full_rgb_v2_t000172000,base,one_second_base,0.000000,172.000000,171.999277,5.987969,1.338230,80.634105,0.560033,0.379395,271.012925,0,180878c6c004ece8,101d687df64631614cc5d3e55ec7171243c732450008c12bfb51d8221d3dcdda
camera_full_rgb_v2_t000173000,base,one_second_base,0.000000,173.000000,172.993492,3.784062,0.211883,81.985462,0.154150,0.374909,287.488336,0,188c78c5c100e4e8,8c008cf8ee8a03617d7fafb98070c4c6f654d86b2828865d295247b8760cdc2e
camera_full_rgb_v2_t000173750,event,motion,1.296732,173.750000,173.761750,11.970052,4.972028,81.477982,0.248620,0.379137,243.134065,0,1008f0c7c004c8c8,bdea215ac85b3c774b2ed248431d2b593c543336c5524fd70c26fde78d9a4123
camera_full_rgb_v2_t000174000,base,one_second_base,0.000000,174.000000,173.987708,8.823802,3.150236,81.441800,0.036182,0.380951,266.860588,0,1008f0c5c504c8d8,a77e51ee6918285175ef0a1ccbb220f4a3c66b4934cbcd12d131bf52f40ff38c
camera_full_rgb_v2_t000174750,event,motion,1.270975,174.750000,174.755965,10.720677,4.457925,79.724977,1.046230,0.402204,275.281009,0,2010e08981089090,0b55274f17446e37556b394a7b5092fe678e11eb709280412c76a199265787fa
camera_full_rgb_v2_t000175000,base,one_second_base,0.000000,175.000000,174.981923,8.209531,2.938113,78.702305,1.022673,0.410622,284.180090,0,2010e08a800890b0,72f37d2d5e7e41adebfb968a5772984e26084cc34324b0076efda384cd5420aa
camera_full_rgb_v2_t000175750,event,motion,1.147221,175.750000,175.750181,9.103490,3.507475,74.402562,1.730404,0.448815,280.263170,0,6020e01a021030a0,2bdf87e864843610fbb9cf878171d45bc7a2f50a416db3a4fb47da078a36e925
camera_full_rgb_v2_t000176000,base,one_second_base,0.000000,176.000000,176.021330,9.071823,3.377497,72.606230,1.796331,0.462041,293.281076,0,6020e01600102060,14864b34941e4eba1c708f93aef52e01d864011c80ec9dc1a765025b263768b5
camera_full_rgb_v2_t000176500,event,motion,1.094791,176.500000,176.518438,8.773281,3.078104,69.281074,1.941927,0.488737,282.147145,0,4020c01410102060,197fcf4d25780fbe73fdf3580d6db542b43b2f55b8e576c3b653a520d7b5b872
camera_full_rgb_v2_t000177000,base,one_second_base,0.000000,177.000000,177.015546,5.218646,1.213544,67.078359,0.575859,0.502354,306.943033,0,4020c034040020e0,07a0b486b0b76d6baf4a700a6e13eaa1f0fc13cedb4c66187a1a83cec4cace4a
camera_full_rgb_v2_t000178000,base,one_second_base,0.000000,178.000000,178.009761,8.847343,2.894030,73.219525,1.859912,0.458626,287.942620,0,6020e01200102020,bcd203d790de91ba409078764f50cb525269e0e76d4aeacebb2b9d795d0caffe
camera_full_rgb_v2_t000179000,base,one_second_base,0.000000,179.000000,179.003977,3.155573,0.601035,72.481491,0.213219,0.464121,299.032116,0,4020e01400102060,937c7e0d77d50d0f48da1d9072efbff20dc8b2084a2c3f229771f5e4dac244f0
camera_full_rgb_v2_t000180000,base,one_second_base,0.000000,180.000000,179.998192,2.846719,0.420209,71.762842,0.219215,0.466494,320.169580,0,4020e03400102060,d89adcc7175b96dff811d7e8267606fc4bb1d4eaefef2bb350f22eb21881be40
camera_full_rgb_v2_t000181000,base,one_second_base,0.000000,181.000000,180.992408,4.354479,0.635029,70.604482,0.368838,0.474980,329.922242,0,40204034401020c0,751a43fb42d65a1e0d7deaefdfe1e856963eb5c192822166b676f904d7475084
camera_full_rgb_v2_t000182000,base,one_second_base,0.000000,182.000000,181.986623,5.569219,0.558207,68.704307,0.606680,0.485687,361.637008,0,4020c0b48400a0c0,5ca9ed8da9fdbdba7c858154a4769deb7474e626419755f12eee7bb5aa18b228
camera_full_rgb_v2_t000183000,base,one_second_base,0.000000,183.000000,182.980839,2.858229,0.510105,70.463428,0.218503,0.478444,326.009281,0,c000c034040020c0,86cbc025075e603bfaa85d0521d87e5b6cc544241dff8ff44c46485b42a622f7
camera_full_rgb_v2_t000184000,base,one_second_base,0.000000,184.000000,184.020246,12.087656,4.086889,74.325342,2.827988,0.449281,308.980622,0,4020c03400002040,4f221e70047f1eab56ad06dfaf7b9b1541a42f0e7172773a2c960476142e78b3
camera_full_rgb_v2_t000184500,event,motion,0.908124,184.500000,184.517354,8.345938,2.330651,77.257725,1.542643,0.427174,317.805023,0,4020c01200103068,9448defb9057ab95b6d15d18df083bb615f01a55905e22e7c15212001bd7143a
camera_full_rgb_v2_t000185000,base,one_second_base,0.000000,185.000000,185.014461,7.043281,1.799091,79.994935,1.334294,0.405635,323.849705,0,6020e01a02001020,b40af8bb4ab2a30444b0cf39edc246804ca21d6dcd84a182ed1eff9bd6d49649
camera_full_rgb_v2_t000186000,base,one_second_base,0.000000,186.000000,186.008677,7.397500,2.013566,84.723099,1.338903,0.370205,318.198502,0,2010e01a00001090,404b836d3075f2d9dca23d22abb9f608521ac9bb74360035af5476bf769d2ce6
camera_full_rgb_v2_t000186500,event,motion,0.823697,186.500000,186.505785,7.693542,2.128407,87.048255,1.344001,0.351598,321.602514,0,2010e08981089890,f40bb4cbfe265a7d8cc409a390ba91f866ffc2b9f0538bdf99e887e3374b3d28
camera_full_rgb_v2_t000187000,base,one_second_base,0.000000,187.000000,187.002892,5.433385,1.244502,88.708330,0.747480,0.337969,317.651538,0,3010f08985001898,211e2ca94b8bc92cdda43f7cfd804ba4d01e8fc27f24e7f822bbf5872fd54831
camera_full_rgb_v2_t000188000,base,one_second_base,0.000000,188.000000,187.997108,4.762761,1.038075,90.651549,0.535993,0.321497,315.105068,0,3018f08d85000888,03ae696ac4b398db05ecd22f84940b4b5d476517f5f63634f079761c25f424d9
camera_full_rgb_v2_t000189000,base,one_second_base,0.000000,189.000000,188.991323,5.333489,1.197683,92.773294,0.661556,0.301286,312.731292,0,3008f0cdc0000c8c,bb7925593c5dee809612cf5e4e241acac5ea3c1eb134d1be72021bd935420680
camera_full_rgb_v2_t000190000,base,one_second_base,0.000000,190.000000,189.985539,7.195885,2.188146,93.114036,0.118698,0.302666,308.809668,0,3018f08d85000888,5e8273b1b5fd440b7f6cc7761aabaebf416c237b4930d42bbcc36cc9bee541db
camera_full_rgb_v2_t000191000,base,one_second_base,0.000000,191.000000,190.979754,8.053333,2.333759,91.349030,0.656510,0.316777,336.226260,0,2010e01b84000898,cd3805ac096a62dcbeecca21c3d22665940b8ecaa05f55524f896fa8184298c4
camera_full_rgb_v2_t000192000,base,one_second_base,0.000000,192.000000,192.019161,7.918021,2.083924,87.117630,0.768613,0.346559,334.026784,0,6010e01a0a001090,9bd366ac0e3b74812fe1d66b509a150c3faf6eb480b4450154c2e5a06fca1fb5
camera_full_rgb_v2_t000193000,base,one_second_base,0.000000,193.000000,193.013377,4.689792,0.823319,87.827288,0.711302,0.339046,345.637655,0,6010e01a0a001010,6b643142fe285b34b0696f2e4d83197ca38de79a46c2e17deefbd9448bc72358
camera_full_rgb_v2_t000194000,base,one_second_base,0.000000,194.000000,194.007592,12.132188,4.224962,88.061842,1.241188,0.337116,301.311610,0,c030c0120a001010,a5f84ef5cb565aeb4d97b06e531d83ec4b5ab85c54b97c9e0f59ae031464ad4c
camera_full_rgb_v2_t000194500,event,motion,1.968386,194.500000,194.504700,22.150574,5.574841,77.042679,6.806673,0.413617,270.108460,0,8020802410002020,20a0190c79d374497b5c1e3626e6be09b7d6438857919c7dabe17642c16ba56a
camera_full_rgb_v2_t000195000,base,one_second_base,0.000000,195.000000,195.001808,7.820729,2.059433,72.999281,1.305856,0.445964,369.698756,0,8040806840002060,2c1fa9bbc108372f1e57cc5bffeb287a1f66227b4bec524a1407f014aae7094e
camera_full_rgb_v2_t000196000,base,one_second_base,0.000000,196.000000,195.996023,6.015937,1.412641,68.394694,0.893955,0.479899,343.686644,0,0040806828000040,ee009d43570b2a25c745bd0a983c15196abb2f66f11b6eac6586cde9c0da51bf
camera_full_rgb_v2_t000197000,base,one_second_base,0.000000,197.000000,196.990239,4.402604,0.929774,66.435039,0.523171,0.496315,330.193843,0,004080c8a0004080,76c7460e026773c67f7b1433f20caa755466e5f000ad934220acc5c089929ccb
camera_full_rgb_v2_t000198000,base,one_second_base,0.000000,198.000000,197.984454,3.148958,0.584734,64.431842,0.442855,0.512165,334.761879,0,008000c080000080,3778d032236319d583130525786ca073f7db1ad3aa8f50d394eb755b64035111
camera_full_rgb_v2_t000199000,base,one_second_base,0.000000,199.000000,198.978670,6.593490,1.555250,69.193044,0.829671,0.469925,346.682383,0,0040806828002040,cf219638c455f31ec464202d3e9ac6a91eb71a25792b3c88160b7b203e34dc22
camera_full_rgb_v2_t000200000,base,one_second_base,0.000000,200.000000,200.018077,5.367500,1.028437,74.614749,0.937656,0.428050,375.226230,0,8040806860000040,1a89b04873a85115917e62ed9aa75d998db037017a6cf20bb3a014009b127e4f
camera_full_rgb_v2_t000201000,base,one_second_base,0.000000,201.000000,201.012292,2.739375,0.313445,76.809570,0.392028,0.414772,417.939259,0,8040806840001040,00853bfd7832518f536b84a89eb1cec359ab219bd7bcc3a3986eb3266cb5c377
camera_full_rgb_v2_t000202000,base,one_second_base,0.000000,202.000000,202.006508,2.381146,0.144824,76.659779,0.129131,0.414408,449.031132,0,8040806040001040,6b512420c376dfa0867c69849bd0d810ad780ed829ec801d055a8a1e218d56dc
camera_full_rgb_v2_t000202750,event,scene_change,0.234963,202.750000,202.729573,3.267552,0.239622,77.339775,0.484639,0.415065,428.014837,0,8040806941001020,71cf53ddef9039eba77655722ec08081513b95c8440c1133625674e386271cce
camera_full_rgb_v2_t000203000,base,one_second_base,0.000000,203.000000,203.000723,4.612083,0.446798,77.753551,0.413776,0.408271,402.239502,0,8040806450001020,512bc76179df1cee8149ece91e953b3046f8ece02d57880337b269d41533d16b
camera_full_rgb_v2_t000203750,event,scene_change,0.935920,203.750000,203.768980,9.371875,2.196764,81.092549,1.593392,0.383216,385.525009,0,8060c07454001020,476ae5570aa458f5a58fab76e33481e2c3203fb4bedfd3b1884e7cfa8aa08497
camera_full_rgb_v2_t000204000,base,one_second_base,0.000000,204.000000,203.994939,10.442760,2.584806,83.197119,2.104570,0.367074,389.052389,0,8020c03414000020,158cb8f477ab3aecacc15efa07b5beb43d259d70ab15a8b65a2a3ea52f8671b2
camera_full_rgb_v2_t000205000,base,one_second_base,0.000000,205.000000,204.989154,6.746094,1.273192,89.820918,1.052074,0.321816,401.270768,0,c020c03430000810,7452e2b6456ccbef6abbd987fbe36922f6cc9aaaabe5abc78cb6d68c32627952
camera_full_rgb_v2_t000206000,base,one_second_base,0.000000,206.000000,205.983369,6.164896,1.108771,94.052858,1.325540,0.291660,378.926003,0,c030e0322a000408,d339959f124d29524cd8f6afbadc3617137c497c58727c388c47cb522cc3a63c
camera_full_rgb_v2_t000207000,base,one_second_base,0.000000,207.000000,206.977585,6.887813,1.378735,99.581247,1.506149,0.253464,380.079756,0,c010e41a0a00020c,c844186f6183562b972a7279cd3c63f9f8ea2c857081f8758edd9304c72fc1fa
camera_full_rgb_v2_t000208000,base,one_second_base,0.000000,208.000000,208.016992,10.393281,2.558443,105.134613,1.433766,0.200830,414.302702,2,6010701b99000102,54cde7766624e680709bcc08c173f5d050f30828305b5a22dbbc78451053dc48
camera_full_rgb_v2_t000209000,base,one_second_base,0.000000,209.000000,209.011208,1.020417,0.040919,104.802559,0.121436,0.204486,499.065661,2,6010701b99000106,3a0e7b24b44930450352c1506ecc55dd625d6276d12d17832894586819ded96c
camera_full_rgb_v2_t000210000,base,one_second_base,0.000000,210.000000,210.005423,4.931614,0.826776,104.787067,0.852464,0.200296,395.917113,2,6010701b99040103,84c9ac3c412cc5e5433ec512a07c4ce95d740e3eea77318be2ed331d752ec346
camera_full_rgb_v2_t000210750,event,scene_change,1.034867,210.750000,210.728489,10.090521,2.599491,101.916432,1.645104,0.217549,411.687650,2,c010e41a0a000002,61ef96c29eb95d29f73b4b6ebff9a56f805d15bf951aaa46f1034fdbdf8ec279
camera_full_rgb_v2_t000211000,base,one_second_base,0.000000,211.000000,210.999638,11.032657,3.051615,100.149238,1.767194,0.229954,428.349876,3,c030e41a2a080202,9e57571415577eda112803b32bc3fb9c4b1622a8ed4226504f4737f02236cc20
camera_full_rgb_v2_t000211750,event,motion,1.145768,211.750000,211.767896,11.238438,3.120422,95.652956,1.515127,0.262087,427.586214,3,c020e03630000206,1a77c29bc68a455c872f64be248a2749e6c91d884853645aff24b7f4abb29e29
camera_full_rgb_v2_t000212000,base,one_second_base,0.000000,212.000000,211.993854,11.344219,2.989069,93.622370,2.030586,0.276387,429.854088,3,c020c83430000006,032b2f04dfbc46fabce30063b832f5e4021f9967b9fbf036ea4749483242fd10
camera_full_rgb_v2_t000212500,event,motion,1.944484,212.500000,212.490962,18.209427,5.963112,86.799531,3.211598,0.324147,362.531913,3,8060c06454000004,c9a99bbe50ac9c833b17cba09e8b5a9b90401f96d9422c39d9729b2cd9c2b430
camera_full_rgb_v2_t000213000,base,one_second_base,0.000000,213.000000,212.988069,10.340104,2.450769,81.560661,1.731400,0.371663,392.199938,3,00409068a820000c,2d4c1cc441dfd4cd8795f5484f00fd1b0d30bb1f21c4dc2826e7ab701adaa799
camera_full_rgb_v2_t000214000,base,one_second_base,0.000000,214.000000,213.982285,7.787865,1.709141,77.910335,0.780068,0.392803,365.564580,3,004090e8a0200008,15f1e5b03059fa7edd683b5471330131f42e44ef5c49058850aa675d65b4c091
camera_full_rgb_v2_t000215000,base,one_second_base,0.000000,215.000000,215.021692,7.997083,2.000816,74.338089,0.897887,0.428005,324.093422,0,00c080c848000008,90b27e0dfee68e262d18feb5a19c1de02b3cb49d8d0030b7c5c6b6214f0b671d
camera_full_rgb_v2_t000216000,base,one_second_base,0.000000,216.000000,216.015907,5.467239,1.059900,73.258040,0.277630,0.442673,317.847949,0,008020d050004008,c0e75df05d62d285619cd56c25c0294cd1a34abe9593b47f2947d5133cc18ee7
camera_full_rgb_v2_t000217000,base,one_second_base,0.000000,217.000000,217.010123,12.124479,3.584840,76.254176,2.403812,0.413431,328.913021,0,00c020c850804008,acd64d9b80f78b8d1d07b376bec54f4e6b595b0d26406e812da8b73dcb769228
camera_full_rgb_v2_t000218000,base,one_second_base,0.000000,218.000000,218.004338,3.927292,0.509072,79.831491,0.614089,0.381475,370.504349,0,00c090c868804008,a9e247be24d566caca01bfde1fb6d39b2dad0a63fe89bf518e6754c7f98dcd2a
camera_full_rgb_v2_t000219000,base,one_second_base,0.000000,219.000000,218.998554,6.458125,1.489968,78.894007,0.650426,0.393636,309.812113,0,00c080c848804040,6fd40bf30343e5590a58f31a0043780c1b2ffe1fd918dfea1b1689bfad24db5a
camera_full_rgb_v2_t000219250,event,scene_change,0.810043,219.250000,219.269704,8.209270,2.124753,77.808577,1.085430,0.405557,305.837464,3,00c020d850804040,31d5fa14fd917c14d6bfd6e89cc7d920ec1bc494e3610fbdb89902a9ca834509
camera_full_rgb_v2_t000220000,base,one_second_base,0.000000,220.000000,219.992769,5.223437,0.981825,75.732819,0.331494,0.429095,291.399059,0,008020d050008080,deaa47e7ac42c22ec3be00997b041988d628fac0110c5645587d47884b6f7a08
camera_full_rgb_v2_t000221000,base,one_second_base,0.000000,221.000000,220.986985,2.855000,0.402596,75.968353,0.048151,0.428568,301.649170,0,008020d050008080,4e727ee73d3d4edb27d8fd4da0d35f89f9644cee89aa7579d692cc55f5e2c3d4
camera_full_rgb_v2_t000222000,base,one_second_base,0.000000,222.000000,221.981200,5.534219,1.369714,73.898353,0.552751,0.450814,276.401839,0,00802090d0008000,22945a93d5016b65e6d08526992c099fe9c8144eb56cf4fc9a0818f09086ec3a
camera_full_rgb_v2_t000223000,base,one_second_base,0.000000,223.000000,223.020607,5.476094,1.479680,70.732513,0.832725,0.480003,236.458068,0,00802190b0000000,166e60621f19e5deb9bb7e82a282d428c8ba0937fa803d074ff99d1442e9aafa
camera_full_rgb_v2_t000224000,base,one_second_base,0.000000,224.000000,224.014823,5.060469,1.399195,67.482799,0.909219,0.505553,209.983307,0,008041a0a0000000,e0373f7701e7c994ecda0413d83b0004bf47f9aa261585ec29fe13b985074ca4
camera_full_rgb_v2_t000225000,base,one_second_base,0.000000,225.000000,225.009038,4.352656,1.294984,64.560143,0.830264,0.528555,188.659619,0,00004120a0000000,449ebb43e2bd89137e3ec865118bfcdda110d68ff2bcbeb766e03afd7910615b
camera_full_rgb_v2_t000226000,base,one_second_base,0.000000,226.000000,226.003254,3.521406,0.987095,61.716445,0.654740,0.553288,170.225891,0,000041a020000000,e03fa3e68ae96b0e584521f8ef3595b362668f1558e4cc8f4209fab25edf8b21
camera_full_rgb_v2_t000227000,base,one_second_base,0.000000,227.000000,226.997469,6.561458,2.240837,66.300407,1.617959,0.515612,197.629365,0,00004120a0000000,1ddecd74acd7380678b7d39a62545caa604df86dc7c2f2c68d87796b4e190346
camera_full_rgb_v2_t000228000,base,one_second_base,0.000000,228.000000,227.991685,8.630573,2.767828,74.411540,2.035856,0.446403,245.305435,0,0080209090000000,20ff1c10e4792bfc742f560e0a5dc8521cd100839c99da8a2f8109aa69a9bc4c
camera_full_rgb_v2_t000228750,event,motion,1.357158,228.750000,228.759942,11.780469,3.886687,81.026312,2.043841,0.389600,297.254287,0,00c020d050000000,c17ecde2038babf5528f62ca9136a94e14b7490f469296a50bb7276f9e86981e
camera_full_rgb_v2_t000229000,base,one_second_base,0.000000,229.000000,228.985900,9.983021,2.902949,83.074798,2.048486,0.372793,306.193930,0,00c010c850000000,069e422c975ebfa2f4188f473fca3f6fdd121a61cc07eda4605682f2c24b1465
camera_full_rgb_v2_t000230000,base,one_second_base,0.000000,230.000000,229.980116,5.380833,1.095435,86.733577,0.501849,0.344007,314.958334,0,004090c848000000,33d7c4f55e3f13a1a7938ebdb40140fccf302cb08c26d95975c78c767423b50c
camera_full_rgb_v2_t000231000,base,one_second_base,0.000000,231.000000,231.019523,3.113698,0.446949,87.930924,0.258369,0.335124,377.372996,0,004090c868000080,e64fe646b1559d31905855925311e415e75c4572497f7129cdee137ce7d05e52
camera_full_rgb_v2_t000232000,base,one_second_base,0.000000,232.000000,232.013738,4.131563,0.715525,88.654600,0.542552,0.332780,337.242952,0,004090e868000080,0f7250be9ed697ffd1951104657589e43944d53fa77bdc8dde10ae291ef7f4f0
camera_full_rgb_v2_t000233000,base,one_second_base,0.000000,233.000000,233.007954,7.782292,1.930609,90.937354,0.656794,0.310114,346.103855,0,8060906828008080,01107fba2c7d06f988515b5a0fdf22226e39138b69fc203604bd0f8b54dac8d6
camera_full_rgb_v2_t000233500,event,motion,1.006325,233.500000,233.505061,10.294114,2.755924,93.258337,1.181745,0.289043,380.487136,5,8060c864ad008080,13bd3d302cfdbe6c6069823949eaef59e2be268d5fb4d65c7453d37d5be7c8d2
camera_full_rgb_v2_t000234000,base,one_second_base,0.000000,234.000000,234.002169,9.731667,2.323289,95.291644,0.869661,0.271816,418.987736,5,8020c864b4808080,0eb10be3b1b873c9cf18333c2cd5d2fd66b7f5ba4fabd1777c61aab3d4249b74
camera_full_rgb_v2_t000234500,event,scene_change,1.081407,234.500000,234.499277,11.179010,2.620006,98.053434,1.636341,0.247344,443.000039,7,8020c834948080c0,80a5cb1eb9ff76931dc6d312ca3898aee857d2727976282635c1d3272ab82a19
camera_full_rgb_v2_t000235000,base,one_second_base,0.000000,235.000000,234.996385,9.454687,1.924715,99.565173,0.809668,0.232201,482.080368,7,c030cc36d480c0c0,e25a29f0c9fd87ca2a058396c4eed5a9b7465ef543a38d6df06b2fcdda52ba29
camera_full_rgb_v2_t000236000,base,one_second_base,0.000000,236.000000,235.990600,11.620833,2.499516,105.408226,1.922116,0.185374,522.266738,8,c210e4325ac04020,155adac24eebaf100f664c9d9328c061ca87576795c9efca3e4fa3061455bbbb
camera_full_rgb_v2_t000237000,base,one_second_base,0.000000,237.000000,236.984816,6.368750,0.961151,110.447744,0.370374,0.149479,540.730459,9,c318e61b4a416020,14045d1e8fbdf25919d26c2967d00f8a84002b83f56f9ae3ab2db3e9904f5c02
camera_full_rgb_v2_t000238000,base,one_second_base,0.000000,238.000000,237.979031,2.701406,0.293919,111.884427,0.289342,0.139847,542.707753,10,e318e6192b414020,6399609b4133467c56c7d6955be087c3901c6ffe45860adcfc91a2f8c14515e5
camera_full_rgb_v2_t000239000,base,one_second_base,0.000000,239.000000,239.018438,11.457135,2.150465,114.966061,1.422546,0.109443,478.244594,11,6118e2192b414020,6b5e07783a44ab01b87519d1831dcb0609d66039025a8d32707108915ae1f4e7
camera_full_rgb_v2_t000239250,event,motion,1.992992,239.250000,239.244396,20.116405,5.797494,117.183167,2.217106,0.085485,375.811054,11,631cf3190d406020,3b5b3dec3640c766cf5faf1aed561e0d89433fe30ba06a9d3a8ab3c73a0f1abd
camera_full_rgb_v2_t000240000,base,one_second_base,0.000000,240.000000,240.012654,2.490260,0.286526,119.138148,0.067318,0.065817,462.886307,11,718cf18c94202030,9b2f97d572518061e63764427359103bb2b116e12e5023965128599cbf172f2a
camera_full_rgb_v2_t000240250,event,scene_change,0.595792,240.250000,240.238612,8.166511,1.608132,119.051800,0.086348,0.066292,460.926415,11,718cf18c95606020,3840c67fbe2f756321cbeaa56471ca7e316262bcb5e70244ce262a8a46238d1f
camera_full_rgb_v2_t000241000,base,one_second_base,0.000000,241.000000,241.006869,4.558125,0.678044,118.517181,0.226436,0.067083,446.082314,11,718cf18c94202030,73dfc183060b0a34bdb02c5d5d56968694e76e7199c7fe66e3eddd6636aa8d47
camera_full_rgb_v2_t000242000,base,one_second_base,0.000000,242.000000,242.001085,4.253177,0.598864,119.230212,0.284486,0.064590,441.082760,11,318e798c96202030,a45e84f049b056dc030641937016c3cf724363b4d6a0d50c4f92842c7537b5b4
camera_full_rgb_v2_t000243000,base,one_second_base,0.000000,243.000000,242.995300,4.345052,0.593612,119.984723,0.207038,0.059189,449.356910,11,318679ce86302070,00d1e4227565e86e03d4f54b4dc27c4acddd1b003cbd0e29aed9c7a7c1d6ac59
camera_full_rgb_v2_t000244000,base,one_second_base,0.000000,244.000000,243.989516,4.613802,0.640774,121.249635,0.296872,0.054834,439.296083,11,388678cec6302070,2930773b24e03958d4713122089b4da7794e798bea7d368326ef649b306a652c
camera_full_rgb_v2_t000245000,base,one_second_base,0.000000,245.000000,244.983731,6.950521,1.157025,122.068457,0.121488,0.051289,430.738056,11,38c77846c2302270,1752f1a17563e0ec9ef5e2572650ca244d15f90ac9f280cda9fd1bb300de8626
camera_full_rgb_v2_t000246000,base,one_second_base,0.000000,246.000000,245.977946,9.526875,2.063058,122.851510,0.169548,0.046221,437.062958,11,1cc33ce7cb183232,0c559aa689b61943e5b36a063756d026e95c481e51d992377d7f395999a05cac
camera_full_rgb_v2_t000246250,event,scene_change,0.791889,246.250000,246.249096,10.157812,2.301417,122.988493,0.136982,0.045231,437.250976,11,1cc33ce7cb191132,1be03454331a58a260819550c911e8edde0fc60eb0cc2e5feb99d1816be3129b
camera_full_rgb_v2_t000247000,base,one_second_base,0.000000,247.000000,247.017354,9.520729,2.001897,122.555374,0.276348,0.041901,453.045502,11,1ee33ca3e1191130,b5d8d5bb2d42ad1df7444d26ab5a39a4f9d191ab49f733a1de6d678d543ac83c
camera_full_rgb_v2_t000248000,base,one_second_base,0.000000,248.000000,248.011569,7.082135,0.946787,122.550036,0.102249,0.039772,443.414268,11,1ee13ea3e1191110,ff188fd1d5d31165cfa9f6838dc818152c641860f33504ef900be81cde322ed4
camera_full_rgb_v2_t000249000,base,one_second_base,0.000000,249.000000,249.005785,7.503594,1.015123,122.098132,0.163669,0.042910,459.047581,10,0fe13ee3e51d1f18,55e8be0011fe52a6b0f1ed34024cf599ecdd8285a55323cc53ce8ceefc5a5e37
camera_full_rgb_v2_t000249500,event,scene_change,0.548328,249.500000,249.502892,7.935989,1.111310,121.721234,0.384115,0.044411,461.534409,10,0fe11ef3e41c1e10,04a3d0a3a5c6e78bf2aebf5099742091ab3db8f15de3ff9f11261edbc525374c
camera_full_rgb_v2_t000250000,base,one_second_base,0.000000,250.000000,250.000000,7.216562,0.824887,121.351234,0.516943,0.047191,521.877686,10,0fe11ff3e41c1b13,9e5ee62c107ab8357f5b61004771f3ae5cb15f1faf81731b15c7a3c839727ff5
camera_full_rgb_v2_t000251000,base,one_second_base,0.000000,251.000000,250.994215,4.980937,0.539013,121.853620,0.242604,0.048734,452.886045,10,0ff01ff3e41c9e17,d6b897053ae0d17e7e3e966ac15a52c27b25b08ec92ae103a55797c525c34a77
camera_full_rgb_v2_t000252000,base,one_second_base,0.000000,252.000000,251.988431,0.781510,0.036624,121.083008,0.004437,0.050723,555.366322,10,0ff01ff3e41c9e17,8505175e6a9490b9ed96bb87e05420a97dabe8d38620c88b06f2f75dd9505fda
camera_full_rgb_v2_t000253000,base,one_second_base,0.000000,253.000000,252.982646,0.689844,0.022792,120.341162,0.117279,0.051559,597.043963,10,0ff01ff3e41c9a17,08e6aed332636505a98300861c3d0a8110248fb2e61a361e8bd1789ff7778657
camera_full_rgb_v2_t000254000,base,one_second_base,0.000000,254.000000,254.022054,0.940521,0.030584,119.435059,0.281130,0.053171,599.994629,10,0ff01ff3e41c9a17,8061a9bd8196237a1d4faaaa0f98ff8c7e63065606d9aa2ca88e8936a4277376
camera_full_rgb_v2_t000255000,base,one_second_base,0.000000,255.000000,255.016269,1.731719,0.092866,119.402624,0.110355,0.052559,567.344508,10,0ff01ff3e41c9d17,3e7990b9f93e0d2831a7113d9669196d7f1534f8ff5d46db8f96af64a6ee183a
camera_full_rgb_v2_t000256000,base,one_second_base,0.000000,256.000000,256.010484,2.623594,0.192122,119.010430,0.685518,0.053154,538.680767,10,0ff01fb3e41c9d1e,55df98b8da881e74732c33cab7899fa5485a43c0c468e0fd49158178e88d3fbd
camera_full_rgb_v2_t000257000,base,one_second_base,0.000000,257.000000,257.004700,2.505156,0.181271,119.218389,0.090550,0.054977,557.276245,9,0ff01fb3e41cb91f,03bd981b37cedae18c2c59edcce7eb4914c51a49fb1fa8546479bce8eebaed9d
camera_full_rgb_v2_t000258000,base,one_second_base,0.000000,258.000000,257.998915,2.284479,0.189523,119.517757,0.060599,0.056442,548.762620,9,0ff01ff3e41c393f,ed9d22cede57b0117c3cf38c792ba39471b44b21681fa3f631c903a5b48ef688
camera_full_rgb_v2_t000259000,base,one_second_base,0.000000,259.000000,258.993131,10.955469,2.483173,119.064372,0.110316,0.055924,442.471367,9,07f01ff1601c1b3c,610ac6a7f4820e3cfaf975270cb385fe2d1ab600bfb023dfd05a37afe08ab336
camera_full_rgb_v2_t000259250,event,motion,1.686136,259.250000,259.264281,18.584375,6.520223,119.263551,0.199180,0.051924,349.480537,8,07f81f51728e9f1e,174bf1045befe6c9ba94428106b5133a8a623899139d410f462095e75a19bbfd
camera_full_rgb_v2_t000260000,base,one_second_base,0.000000,260.000000,259.987346,6.655573,1.025240,118.889922,0.154118,0.048193,493.614061,8,83fc0ba8b9830f9f,cb5cc82d217e81e671cf86078824771ea7653c3c2f43e6db22500babd3915168
camera_full_rgb_v2_t000261000,base,one_second_base,0.000000,261.000000,260.981562,2.313542,0.167314,119.343151,0.003477,0.050970,556.541879,9,83fc0ba8b9838f9f,5508c6c40f8081ba0d226676514eb7c88a0b282b4197c094eec905c58252d607
camera_full_rgb_v2_t000262000,base,one_second_base,0.000000,262.000000,262.020969,2.853906,0.186802,119.994430,0.129095,0.052458,530.211991,8,83fc0ba8b9838f9b,191826beace8e3cf08051405f4a127c81251b6e4f7c203dbeb57c363a64d09a6
camera_full_rgb_v2_t000263000,base,one_second_base,0.000000,263.000000,263.015184,2.773229,0.182305,120.362858,0.094707,0.055280,561.294183,8,83fc0ba8b9830f9b,2ce23e91eaaf6397bccc5f1a2fc51b1ac60a94ac97f7bef88c559f9d06a8378e
camera_full_rgb_v2_t000264000,base,one_second_base,0.000000,264.000000,264.009400,2.984688,0.290973,120.684310,0.082913,0.057236,555.864954,8,81fc0ba8b9830f1d,ce2bf8edce396e0547cd9ff928fc9766eadd90c29f2e6701fff3b025a6ad2605
camera_full_rgb_v2_t000265000,base,one_second_base,0.000000,265.000000,265.003615,2.849531,0.244377,120.701296,0.113607,0.060283,544.590042,11,81fc0ba8b9a30f1f,b331ba250939b79a94d5675fadba1534f433a5e22868454be8fe3a39f292ce1b
camera_full_rgb_v2_t000266000,base,one_second_base,0.000000,266.000000,265.997831,2.724740,0.226874,120.674648,0.100934,0.064036,565.227959,11,81fc0ba8b9230f1f,4b72069425ea8e890a79e6ab98c2096f1801b876945f447372cdcf851671a10a
camera_full_rgb_v2_t000267000,base,one_second_base,0.000000,267.000000,266.992046,7.305677,0.805982,120.562002,0.196221,0.069661,490.673525,10,c1fc09a8b933070d,9071e32d1dc953149dde9b104e7d1024b676bbfc37897fb251977e7c48733577
camera_full_rgb_v2_t000268000,base,one_second_base,0.000000,268.000000,267.986262,4.135313,0.440023,122.081061,0.195160,0.058021,521.238854,10,c0be09a8b973030f,e090daab895acce95f50667219b9129aeb5962d9fb940ca8a1d4f2b29dc6529e
camera_full_rgb_v2_t000269000,base,one_second_base,0.000000,269.000000,268.980477,6.340781,0.514264,123.352272,0.520928,0.046432,477.503767,10,c0bc0bb8b963030f,dd73cbedd17fe42d745efc630a7d256a771b18dd2bfe774e7cd085ec7d538a74
camera_full_rgb_v2_t000269250,event,scene_change,0.596517,269.250000,269.251627,8.952291,1.106114,123.792744,0.440472,0.044769,481.694043,9,c03c0bb8b1730307,4a0d43d2dbc2486b369228ce23335732471c5ebc92bae55f6e0e82add90a77ac
camera_full_rgb_v2_t000270000,base,one_second_base,0.000000,270.000000,270.019884,6.782604,0.943952,123.231003,0.108965,0.047725,495.226656,9,c13c0b58b16b2307,503e04fc8396a6943b0f1f0d4680d690da238c408fe3ca295a60595a4153ecfd
camera_full_rgb_v2_t000271000,base,one_second_base,0.000000,271.000000,271.014100,2.116458,0.176914,123.345664,0.014987,0.049450,579.711363,9,c17c0b58717b2307,928838320e384e89fd6f454e614bb03257c69c497a245ba4e595517a8a7c2d07
camera_full_rgb_v2_t000272000,base,one_second_base,0.000000,272.000000,272.008315,1.115208,0.025828,123.152448,0.101204,0.051097,626.863014,9,c13c0b50716b2307,3f07d5d83168e1749eb972b50f08a31e2b021311ce4fecd49145da4032c69743
camera_full_rgb_v2_t000273000,base,one_second_base,0.000000,273.000000,273.002531,4.756771,0.539817,123.102399,0.054808,0.051159,527.993948,10,c17c0b50717b2307,1feb5a7fd6297a8580dd96caf47ac80b5ed01d44fb17d2be9168758231a4ce5d
camera_full_rgb_v2_t000274000,base,one_second_base,0.000000,274.000000,273.996746,6.445677,0.873572,122.896689,0.127809,0.056071,510.584000,10,c17c1b5051f22307,e6a005e6c3d65171ff367777acb961963bfd781b0fc185a1bf0fe3d17edaf99a
camera_full_rgb_v2_t000275000,base,one_second_base,0.000000,275.000000,274.990962,4.302396,0.432509,122.934147,0.152783,0.057848,575.816539,9,c17c135153f2c307,d5a53c88910b0183f7400c179c506ef665675f4323cc43318b24ec4b422a6458
camera_full_rgb_v2_t000276000,base,one_second_base,0.000000,276.000000,275.985177,3.152135,0.257568,122.930238,0.199801,0.059111,564.280390,10,c17c135153d2c347,762e52286d7bb12ac33e8e53da5eaf9390f6eaeebd02937deba3314eae08c16f
camera_full_rgb_v2_t000277000,base,one_second_base,0.000000,277.000000,276.979393,3.001823,0.251662,122.586790,0.024840,0.060856,571.429608,9,c17c135151924347,0308f3461cd417c4496e0270419302cb1ba0acc5e6eb539f14915327ec0eee37
camera_full_rgb_v2_t000278000,base,one_second_base,0.000000,278.000000,278.018800,4.253489,0.289784,122.335400,0.052516,0.062187,579.953590,9,c13c135151b3c343,22e060ead6339eead0ac340e278a9228b51411964ca25d26ec52ed4e6a49eba4
camera_full_rgb_v2_t000279000,base,one_second_base,0.000000,279.000000,279.013015,6.609375,0.699923,121.366136,0.187673,0.063835,527.124262,9,e03c1b5051b3d343,5802fccba2fa3504af800388b62106fc7a18113f0316741dfa85b7da4c1bbdef
camera_full_rgb_v2_t000279750,event,scene_change,0.749990,279.750000,279.736081,10.889375,1.945338,120.609902,0.013320,0.065794,519.513006,8,e03e0b5471b7c343,697c259f0290a752d746f3ce6517e54b182fd7feeaae03d7db6460efd3e7fe4c
camera_full_rgb_v2_t000280000,base,one_second_base,0.000000,280.000000,280.007231,12.663281,2.660197,120.483232,0.126670,0.064788,528.656027,9,e03e09547137c943,6c5a2e0daba90d689f418c360abc4818b48fd4c9897f036cc790c8d7877e0b16
camera_full_rgb_v2_t000280500,event,scene_change,0.824620,280.500000,280.504338,11.715521,1.995863,120.062497,0.262904,0.063294,559.597502,8,e03f09b4bd776941,f008cf215b10a4f482ddbcd8ed1a4b905e41f7954bdb948e82227d592053370b
camera_full_rgb_v2_t000281000,base,one_second_base,0.000000,281.000000,281.001446,13.626875,3.703644,120.755026,0.471738,0.063486,398.125943,8,e03e09543537c941,184922dde664a560f009b1e06344cb8c14edb77123d89474b0dfd02c1ab84e42
camera_full_rgb_v2_t000282000,base,one_second_base,0.000000,282.000000,281.995662,11.716615,2.367785,122.616419,0.336208,0.084085,566.297970,9,c3f827a3e7cca707,82283b79927141bf1c004c77ec4fefca2b6efbd24993119ec898c084553fba17
camera_full_rgb_v2_t000282750,event,scene_change,0.959981,282.750000,282.763919,12.112500,2.664814,123.186641,0.375876,0.085485,560.555109,9,c3f827c3e5dc2707,eab6761e602507456c1afcfd75c31e4c6661171dbdaa64a89cd5b71f374c26f1
camera_full_rgb_v2_t000283000,base,one_second_base,0.000000,283.000000,282.989877,8.291927,1.327724,123.429893,0.243252,0.085439,581.909895,9,c3f82f43c5dc270f,9831a9c018ee7fa1a3830f8bfe0c778ead443faaa4794f1ae8fa76313d7be1be
camera_full_rgb_v2_t000283750,event,scene_change,0.587036,283.750000,283.758134,8.897813,1.399989,123.475661,0.039186,0.088522,585.855780,9,83f82f5345dc6f8f,bd31ae2522434398f64fb9a4b7edc703ae9717b16c1f30faadaf6051f45ed16d
camera_full_rgb_v2_t000284000,base,one_second_base,0.000000,284.000000,283.984093,7.825469,1.124262,123.629935,0.154274,0.087943,577.361291,9,87f02f5345dc6f0e,13dba40e713b02cc2cfe72e39e5bf5d734f1e666fc91d52959ce075dd780d5d8
camera_full_rgb_v2_t000285000,base,one_second_base,0.000000,285.000000,284.978308,9.011302,1.405233,124.711237,0.390306,0.091921,591.764180,8,87f14e4747dccf0f,3e9f6672af48a073ae05cf2ac24af7e3015b862099cea96961797c75a38bddda
camera_full_rgb_v2_t000286000,base,one_second_base,0.000000,286.000000,286.017715,7.835573,1.097011,125.853148,0.155036,0.095052,600.423839,8,87f10ec78fb8cf0e,2d09649d76ebd3fe0c0003e8c51252f1e105a1dc67c250da72ab57802bbc9e89
camera_full_rgb_v2_t000287000,base,one_second_base,0.000000,287.000000,287.011931,7.946719,1.052295,126.107139,0.018887,0.100866,604.366481,8,87f11e87aab89e1e,e52a7d4629f1768f20164bc18ee163ef0e03bd96b1ffe127218fa7e65a3af6c6
camera_full_rgb_v2_t000288000,base,one_second_base,0.000000,288.000000,288.006146,8.741614,1.192297,126.524967,0.184707,0.107767,628.670692,7,87f11ca78ab89e9e,c9dcf91bdc9c92b1c1880448fb285153dff0dc4f17af5594855d1b12dc38a16c
camera_full_rgb_v2_t000289000,base,one_second_base,0.000000,289.000000,289.000362,9.130417,1.232767,127.380036,0.224727,0.115824,630.499840,7,87e31c0f8cb89c1e,df296ecac4e85485f73ad1ea629a36ef6e3c0b9d070c5b9b635328ae26d704f7
camera_full_rgb_v2_t000290000,base,one_second_base,0.000000,290.000000,289.994577,8.924844,1.116566,128.117712,0.000729,0.125101,672.004918,6,8fe33c4f5c70b03e,e5570b1e35c8fabe029bc61bc1241282714ae6d62df7bb108ba190dba237f5de
camera_full_rgb_v2_t000291000,base,one_second_base,0.000000,291.000000,290.988792,10.560625,1.356467,129.200566,0.168027,0.130570,688.356399,5,0fe31c4f1570e03e,69200889043f753aa51cbee9034e39a5ca55ed5a3d4e4bcf9f2ae166b54a73af
camera_full_rgb_v2_t000291750,event,scene_change,1.016505,291.750000,291.757050,14.682864,2.234497,130.456035,0.515605,0.133151,705.670090,5,0ee3788f9570c07c,b9fa2f9971e5a7165d6b86ff7253225ee2f6b54c07b89214f95b71e2e6d411ff
camera_full_rgb_v2_t000292000,base,one_second_base,0.000000,292.000000,291.983008,16.077864,2.783607,130.884300,0.428265,0.134173,654.812579,4,0ee33997b3f0c07c,ed477219fbcc4b4ecbd3cb6f080dfb9b3b19c7d79eac4f31c4d7487617467f7c
camera_full_rgb_v2_t000292250,event,scene_change,1.479956,292.250000,292.254158,19.805626,4.064774,131.238376,0.354076,0.135501,624.356460,4,0ee7399f3be0c2e8,6538aa312cd2d0a8f07175460cd7a87ca4ba63f17b9f572d4ca390b21b7b70dc
camera_full_rgb_v2_t000293000,base,one_second_base,0.000000,293.000000,293.022415,3.650938,0.284783,132.457839,0.175859,0.127646,542.346233,0,1ec7391f3be080d8,8a3322834d9abacb4a037a904df7654d032a8ec1a9a81cf085d9aff603e5459b
camera_full_rgb_v2_t000293500,event,motion,1.685580,293.500000,293.519523,19.900000,5.184947,131.882650,0.589687,0.128044,577.036753,0,0ee33997bbf4c0c8,ed7403a5dba4b063dac5e26bcf9653c5dc87973250103ceaefcad2ecd66f4b58
camera_full_rgb_v2_t000294000,base,one_second_base,0.000000,294.000000,294.016631,14.983021,3.071008,131.269733,0.284189,0.127604,659.446939,0,8fe3188e9570c1cc,a6a86a5646eab0d00dc69e5c9ec41d8fffadc326b6c5dde0907d843404e315bd
camera_full_rgb_v2_t000294500,event,scene_change,1.496950,294.500000,294.513738,17.756823,4.288185,129.936058,0.779453,0.122611,629.257092,0,87f31c8b1d30c0e6,5f0e0cea39f06b7d6e6aa3b969fff411bd7453bdc04cf280068c3acf6a6e553c
camera_full_rgb_v2_t000295000,base,one_second_base,0.000000,295.000000,295.010846,19.256042,5.039085,127.356006,1.728350,0.120316,578.117776,0,87f12c475a38e2e2,4032efc3dccb7c3b4d72d3ccee85ab3bb340886ff54a119ca80c554ed195073c
camera_full_rgb_v2_t000295500,event,motion,1.810023,295.500000,295.507954,19.488125,5.433055,124.619056,1.263402,0.120973,575.750944,0,c3f80ec58f98e1e3,b7be861a0b0da69895ad4755432455b76a126db2e564739eb5c74f01d419e82d
camera_full_rgb_v2_t000296000,base,one_second_base,0.000000,296.000000,296.005061,9.555625,1.338472,123.445023,0.417523,0.124417,677.135452,0,c3780725ad9cf1e3,1fdbd51943876d657b31886d9cbf84fd31d1b4c0551433bef8fec6796032bc15
camera_full_rgb_v2_t000297000,base,one_second_base,0.000000,297.000000,296.999277,6.284062,0.422630,122.382936,0.383415,0.130537,662.353149,0,c3780725ad8cf1f4,a501328dc0d9b08c9b11c32d5261c8ca902c447978fa715d2e28431a5bb59590
camera_full_rgb_v2_t000297750,event,scene_change,0.685264,297.750000,297.767534,10.300208,1.099743,120.458916,0.702523,0.136546,624.032417,0,c3780763ad8cf5e4,cf46f8c8ae5f7ad94843221580adf64e8248f308f7ff76870432e4b62db7c410
camera_full_rgb_v2_t000298000,base,one_second_base,0.000000,298.000000,297.993492,10.148698,1.108553,119.891790,0.567126,0.137858,632.867333,0,c1780722ad8cf4e4,f020872581e5a13fdabd1629277bc8a52b0b4279c0e6319d58c2a7623c865de6
camera_full_rgb_v2_t000299000,base,one_second_base,0.000000,299.000000,298.987708,10.840417,1.237103,117.028382,0.605540,0.148298,615.370735,0,e17c072aa68cf4a2,f6e387d62dbc82c1cae8eb56ddb1b5252941e13fc65939b428517ed219036b67
